name,code,isActive,0
2Crsi,AL2SI.PA,0
Ab Science,AB.PA,0
Abc Arbitrage,ABCA.PA,0
Abeo,ABEO.PA,0
Abionyx Pharma,ABNX.PA,0
Abivax,ABVX.PA,0
Abl Diagnostics,ABLD.PA,0
Acanthe Dev.,ACAN.PA,0
Accor,AC.PA,0
Acheter-Louer.Fr,ALALO.PA,0
Acteos,EOS.PA,0
Actia Group,ALATI.PA,0
Activium Group,MLACT.PA,0
Adc Siic,ALDV.PA,0
Adeunis,ALARF.PA,0
Adocia,ADOC.PA,0
Adomos,ALADO.PA,0
Adp,ADP.PA,0
Advicenne,ALDVI.PA,0
Advini,ALAVI.PA,0
Aelis Farma,AELIS.PA,0
Aerkomm Inc,AKOM.PA,0
Affluent Medical,AFME.PA,0
Afyren,ALAFY.PA,0
Ag3I,MLAGI.PA,0
Agence Auto,MLAA.PA,0
Agripower,ALAGP.PA,0
Agrogeneration,ALAGR.PA,0
Air France -Klm,AF.PA,0
Air Liquide,AI.PA,0
Airbus,AIR.PA,0
Airwell,ALAIR.PA,0
Akwel,AKW.PA,0
Alan Allman,AAA.PA,0
Alchimie,ALCHI.PA,0
Alpes (Compagnie),CDA.PA,0
Alstom,ALO.PA,1
Altarea,ALTA.PA,0
Altareit,AREIT.PA,0
Alten,ATE.PA,0
Altheora,ALORA.PA,0
Alveen,MLALV.PA,0
Ama Corporation,ALAMA.PA,0
Amatheon Agri,MLAAH.PA,0
Amoeba,ALMIB.PA,0
Amplitude Surgical,AMPLI.PA,0
Amundi,AMUN.PA,0
Antin Infra Partn,ANTIN.PA,0
Apodaca Inversione,MLASO.PA,0
Aquila,ALAQU.PA,0
Aramis Group,ARAMI.PA,0
Archos,ALJXR.PA,0
Arcure,ALCUR.PA,0
Ardoin St Amand A,MLARD.PA,0
Aref Thalassa,MLARE.PA,0
Argan,ARG.PA,0
Arimelia Itg,MLARI.PA,0
Arkema,AKE.PA,0
Artea,ARTE.PA,0
Artmarket Com,PRC.PA,0
Artois Nom.,ARTO.PA,0
Arverne Group,ARVEN.PA,0
Ashler Et Manson,MLAEM.PA,0
Assystem,ASY.PA,0
Astickso Xxi,MLAST.PA,0
Atari,ALATA.PA,0
Ateme,ATEME.PA,0
Atland,ATLD.PA,0
Atos,ATO.PA,0
Aubay,AUB.PA,0
Audacia,ALAUD.PA,0
Augros Cosmetics,AUGR.PA,0
Auplata Mining Gr,ALAMG.PA,0
Aurea,AURE.PA,0
Avenir Telecom,AVT.PA,0
Axa,CS.PA,1
Azorean Tech,MLAAT.PA,0
Baikowski,ALBKK.PA,0
Bains Mer Monaco,BAIN.PA,0
Balyo,BALYO.PA,0
Barbara Bui,BUI.PA,0
Barings Core Spain,MLBAR.PA,0
Bassac,BASS.PA,0
Bastide Le Confort,BLC.PA,0
Bd Multi Media,ALBDM.PA,0
Bebo Health,MLBBO.PA,0
Believe,BLV.PA,0
Beneteau,BEN.PA,0
Bernard Loiseau,ALDBL.PA,0
Bic,BB.PA,0
Bigben Interactive,BIG.PA,0
Bilendi,ALBLD.PA,0
Bio-Uv Group,ALTUV.PA,0
Biomerieux,BIM.PA,0
Biophytis,ALBPS.PA,0
Biosynex,ALBIO.PA,0
Bleecker,BLEE.PA,0
Blue Shark Power,MLBSP.PA,0
Bluelinea,ALBLU.PA,0
Bnp Paribas Act.A,BNP.PA,0
Boa Concept,ALBOA.PA,0
Body One,MLONE.PA,0
Boiron,BOI.PA,0
Bollore,BOL.PA,0
Bonduelle,BON.PA,0
Bonyf,MLBON.PA,0
Boostheat,ALBOO.PA,0
Bourrelier Group,ALBOU.PA,0
Bourse Direct,BSD.PA,0
Bouygues,EN.PA,1
Broadpeak,ALBPK.PA,0
Bureau Veritas,BVI.PA,0
Burelle,BUR.PA,0
Ca Toulouse 31 Cci,CAT31.PA,0
Cabasse,ALCAB.PA,0
Cafom,CAFO.PA,0
Cambodge Nom.,CBDG.PA,0
Capelli,ALCAP.PA,0
Capgemini,CAP.PA,0
Carbios,ALCRB.PA,0
Carmat,ALCAR.PA,0
Carmila,CARM.PA,0
Carrefour,CA.PA,0
Casino Guichard,CO.PA,0
Catering Intl Sces,ALCIS.PA,0
Cbi,ALCBI.PA,0
Cbo Territoria,CBOT.PA,0
Cegedim,CGM.PA,0
Cellectis,ALCLS.PA,0
Cerinnov Group,ALPCV.PA,0
Cfi,CFI.PA,0
Cfm Indosuezwealth,MLCFM.PA,0
Ch.Fer Departement,MLCFD.PA,0
Chargeurs,CRI.PA,0
Charwood Energy,ALCWE.PA,0
Chausseria,CHSR.PA,0
Cheops Technology,MLCHE.PA,0
Christian Dior,CDI.PA,0
Cibox Inter A Ctiv,ALCBX.PA,0
Cie Du Mont Blanc,MLCMB.PA,0
Claranova,CLA.PA,0
Clariane,CLARI.PA,1
Cmg Cleantech,MLCMG.PA,0
Coface,COFA.PA,0
Cofidur,ALCOF.PA,0
Cogelec,ALLEC.PA,0
Cogra,ALCOG.PA,0
Coheris,COH.PA,0
Coil,ALCOI.PA,0
Colipays,MLCLP.PA,0
Compagnie Odet,ODET.PA,0
Constructeurs Bois,MLLCB.PA,0
Core Spain Holdco,MLCOE.PA,0
Coretech 5,MLCOT.PA,0
Coty,COTY.PA,0
Courbet,MLCOU.PA,0
Courtois,COUR.PA,0
Covivio,COV.PA,0
Covivio Hotels,COVH.PA,0
Crcam Alp.Prov.Cci,CRAP.PA,0
Crcam Atl.Vend.Cci,CRAV.PA,0
Crcam Brie Pic2Cci,CRBP2.PA,0
Crcam Ille-Vil.Cci,CIV.PA,0
Crcam Langued Cci,CRLA.PA,0
Crcam Loire Hte L.,CRLO.PA,0
Crcam Morbihan Cci,CMO.PA,0
Crcam Nord Cci,CNDF.PA,0
Crcam Norm.Seine,CCN.PA,0
Crcam Paris Et Idf,CAF.PA,0
Crcam Sud R.A.Cci,CRSU.PA,0
Crcam Touraine Cci,CRTO.PA,0
Credit Agricole,ACA.PA,1
Crossject,ALCJ.PA,0
Crosswood,CROS.PA,0
Cybergun,ALCYB.PA,0
D.L.S.I.,ALDLS.PA,0
Damaris,MLDAM.PA,0
Damartex,ALDAR.PA,0
Danone,BN.PA,0
Dassault Aviation,AM.PA,0
Dassault Systemes,DSY.PA,0
Dbt,ALDBT.PA,0
Dbv Technologies,DBV.PA,0
Deezer,DEEZR.PA,0
Dekuple,DKUPL.PA,0
Delfingen,ALDEL.PA,0
Delta Plus Group,ALDLT.PA,0
Derichebourg,DBG.PA,0
Devernois,ALDEV.PA,0
Diagnostic Medical,ALDMS.PA,0
Dnxcorp,ALDNX.PA,0
Dock.Petr.Ambes Am,DPAM.PA,0
Dolfines,ALDOL.PA,0
Dontnod,ALDNE.PA,0
Drone Volt,ALDRV.PA,0
Dynafond,MLDYN.PA,0
Dynex Energy Sa,MLDYX.PA,0
E Pango,ALAGO.PA,0
Eaux De Royan,MLEDR.PA,0
Ecomiam,ALECO.PA,0
Ecoslops,ALESA.PA,0
Edenred,EDEN.PA,0
Ediliziacrobatica,ALEAC.PA,0
Editions Du Signe,MLEDS.PA,0
Eduform Action,MLEFA.PA,0
Eduniversal,MLEDU.PA,0
Egide,ALGID.PA,0
Eiffage,FGR.PA,0
Ekinops,EKI.PA,0
Elec.Strasbourg,ELEC.PA,0
Elect. Madagascar,EEM.PA,0
Elior Group,ELIOR.PA,0
Elis,ELIS.PA,0
Elix,MLERH.PA,0
Embention,MLUAV.PA,0
Emova Group,ALEMV.PA,0
Encres Dubuit,ALDUB.PA,0
Enensys,ALNN6.PA,0
Energisme,ALNRG.PA,0
Engie,ENGI.PA,0
Enogia,ALENO.PA,0
Entech,ALESE.PA,0
Entreparticuliers,ALENT.PA,0
Entreprendre,ALENR.PA,0
Eo2,ALEO2.PA,0
Equasens,EQS.PA,0
Eramet,ERA.PA,0
Essilorluxottica,EL.PA,0
Esso,ES.PA,0
Eurasia Fonc Inv,EFI.PA,0
Eurasia Groupe,ALEUA.PA,0
Eurazeo,RF.PA,0
Euroapi,EAPI.PA,0
Eurobio-Scientific,ALERS.PA,0
Eurofins Cerep,ALECR.PA,0
Eurofins Scient.,ERF.PA,0
Euroland Corporate,MLERO.PA,0
Eurolog Canola,MLCAN.PA,0
Euromedis Groupe,ALEMG.PA,0
Euronext,ENX.PA,0
Europacorp,ALECP.PA,0
Europlasma,ALEUP.PA,0
Eutelsat Communic.,ETL.PA,0
Evergreen,EGR.PA,0
Exacompta Clairef.,ALEXA.PA,0
Exail Technologies,EXA.PA,0
Exel Industries,EXE.PA,0
Explosifs Prod.Chi,EXPL.PA,0
Facephi,ALPHI.PA,0
Faifey Invest,MLECE.PA,0
Fashion B Air,ALFBA.PA,0
Fayenc.Sarreguemi.,FAYE.PA,0
Fd,MLFDV.PA,0
Fdj,FDJU.PA,0
Ferm.Cas.Mun.Canne,FCMC.PA,0
Fiducial Off.Sol.,SACI.PA,0
Fiducial Real Est.,ORIA.PA,0
Figeac Aero,FGA.PA,0
Fill Up Media,ALFUM.PA,0
Fin.Ouest Africain,FOAF.PA,0
Financiere Marjos,FINM.PA,0
Finaxo,MLFXO.PA,0
Fipp,FIPP.PA,0
Firstcaution,MLFIR.PA,0
Fleury Michon,ALFLE.PA,0
Florentaise,ALFLO.PA,0
Fnac Darty,FNAC.PA,0
Fnptechnologiessa,MLFNP.PA,0
Fonciere 7 Invest,LEBL.PA,0
Fonciere Inea,INEA.PA,0
Fonciere Lyonnaise,FLY.PA,0
Fonciere Vindi,MLVIN.PA,0
Fonciere Volta,SPEL.PA,0
Forestiere Equat.,FORE.PA,0
Forsee Power,FORSE.PA,0
Forvia,FRVIA.PA,0
Fountaine Pajot,ALFPC.PA,0
Francaise Energie,FDE.PA,0
France Tourisme,MLFTI.PA,0
Freelance.Com,ALFRE.PA,0
Frey,FREY.PA,0
G.A.I.,MLGAI.PA,0
Galeo,MLGAL.PA,0
Gascogne,ALBI.PA,0
Gaumont,GAM.PA,0
Gea Grenobl.Elect.,GEA.PA,0
Geci Intl,ALGEC.PA,0
Gecina,GFC.PA,0
General Electric,GNE.PA,0
Geneuro,GNRO.PA,0
Genfit,GNFT.PA,0
Genoway,ALGEN.PA,0
Gensight Biologics,SIGHT.PA,0
Gentlemens Equity,MLGEQ.PA,0
Getlink Se,GET.PA,0
Gevelot,ALGEV.PA,0
Gl Events,GLO.PA,0
Global Bioenergies,ALGBE.PA,0
Global Pielago,MLNDG.PA,0
Gold By Gold,ALGLD.PA,0
Gpe Group Pizzorno,GPE.PA,0
Graines Voltz,GRVO.PA,0
Grolleau,ALGRO.PA,0
Groupe Carnivor,MLGRC.PA,0
Groupe Crit,CEN.PA,0
Groupe Guillin,ALGIL.PA,0
Groupe Jaj,GJAJ.PA,0
Groupe Ldlc,ALLDL.PA,0
Groupe Okwind,ALOKW.PA,0
Groupe Partouche,PARP.PA,0
Groupe Sfpi,SFPI.PA,0
Groupe Tera,ALGTR.PA,0
Groupimo,ALIMO.PA,0
Gtt,GTT.PA,0
Guerbet,GBT.PA,0
Guillemot,GUI.PA,0
Haffner Energy,ALHAF.PA,0
Hamilton Global Op,ALHGO.PA,0
Haulotte Group,PIG.PA,0
Hdf,HDF.PA,0
Healthcare Activos,MLHAY.PA,0
Herige,ALHRG.PA,0
Hermes Intl,RMS.PA,0
Hexaom,ALHEX.PA,0
Hf Company,ALHF.PA,0
High Co,HCO.PA,0
Hipay Group,ALHYP.PA,0
Hitechpros,ALHIT.PA,0
Hk,MLHK.PA,0
Hoche Bains L.Bain,MLHBB.PA,0
Hoffmann,ALHGR.PA,0
Hopening,MLHPE.PA,0
Hopscotch Groupe,ALHOP.PA,0
Hot.Majestic Canne,MLHMC.PA,0
Hoteles Bestprice,MLHBP.PA,0
Hotelim,MLHOT.PA,0
Hotels De Paris,HDP.PA,0
Hotl.Immob.Nice,MLHIN.PA,0
Hunyvers,ALHUN.PA,0
Hydraulique Pb,MLHYD.PA,0
Hydro-Exploit.,MLHYE.PA,0
Hydrogen Refueling,ALHRS.PA,0
I2S,ALI2S.PA,0
Icade,ICAD.PA,0
Icape Holding,ALICA.PA,0
Id Logistics Group,IDL.PA,0
Idi,IDIP.PA,0
Ids,MLIDS.PA,0
Ikonisys,ALIKO.PA,0
Imalliance,MLIML.PA,0
Imerys,NK.PA,0
Imm.Paris.Perle,MLIPP.PA,0
Immersion,ALIMR.PA,0
Immob.Dassault,IMDA.PA,0
Implanet,ALIMP.PA,0
Imprimerie Chirat,MLIMP.PA,0
Impulse Fitness,MLIFS.PA,0
Indle Fin.Entrepr.,INFE.PA,0
Infoclip,MLIFC.PA,0
Infotel,INF.PA,0
Inmark,MLINM.PA,0
Inmosupa,MLISP.PA,0
Innate Pharma,IPH.PA,0
Innelec Multimedia,ALINN.PA,0
Innovative Rfk Spa,MLIRF.PA,0
Installux,ALLUX.PA,0
Integragen,ALINT.PA,0
Interparfums,ITP.PA,0
Intexa,ITXT.PA,0
Intrasense,ALINS.PA,0
Inventiva,IVA.PA,0
Invibes Advertsing,ALINV.PA,0
Iposa Properties,MLIPO.PA,0
Ipsen,IPN.PA,0
Ipsos,IPS.PA,0
Ispd,ALISP.PA,0
It Link,ALITL.PA,0
Jacques Bogart,JBOG.PA,0
Jacquet Metals,JCQ.PA,0
Jcdecaux,DEC.PA,0
Jungle21,MLJ21.PA,0
Kalray,ALKAL.PA,0
Kaufman Et Broad,KOF.PA,0
Kering,KER.PA,0
Kerlink,ALKLK.PA,0
Keyrus,ALKEY.PA,0
Kko International,ALKKO.PA,0
Klarsen,ALKLA.PA,0
Klepierre,LI.PA,0
Kompuestos,ALKOM.PA,0
Kumulus Vape,ALVAP.PA,0
L'Oreal,OR.PA,0
Lacroix Group,LACR.PA,0
Lagardere Sa,MMB.PA,0
Lanson-Bcc,ALLAN.PA,0
Largo,ALLGO.PA,0
Latecoere,LAT.PA,0
Laurent-Perrier,LPE.PA,0
Ldc,LOUP.PA,0
Lebon,ALBON.PA,0
Lectra,LSS.PA,0
Legrand,LR.PA,0
Lepermislibre,ALLPL.PA,0
Les Hotels Baverez,ALLHB.PA,0
Lexibook Linguist.,ALLEX.PA,0
Lhyfe,LHYFE.PA,0
Linedata Services,LIN.PA,0
Lisi,FII.PA,0
Llama Group,ALLAM.PA,0
Lleida,ALLLN.PA,0
Lna Sante,LNA.PA,0
Locasystem Intl,MLLOI.PA,0
Logic Instrument,ALLOG.PA,0
Lombard Et Medot,MLCAC.PA,0
Lucibel,ALUCI.PA,0
Lumibird,LBIRD.PA,0
Lvmh,MC.PA,0
M2I,ALMII.PA,0
Maat Pharma,MAAT.PA,0
Made,MLMAD.PA,0
Magillem,MLMGL.PA,0
Maison Clio Blue,MLCLI.PA,0
Maisons Du Monde,MDM.PA,0
Making Science,ALMKS.PA,0
Malteries Fco-Bel.,MALT.PA,0
Manitou Bf,MTU.PA,0
Mare Nostrum,ALMAR.PA,0
Maroc Telecom,IAM.PA,0
Mastrad,ALMAS.PA,0
Mauna Kea Tech,ALMKT.PA,0
Maurel Et Prom,MAU.PA,0
Mbws,MBWS.PA,0
Media 6,EDI.PA,0
Media Lab,MLLAB.PA,0
Mediantechnologies,ALMDT.PA,0
Medincell,MEDCL.PA,0
Memscap Regpt,MEMS.PA,0
Mercialys,MERY.PA,0
Meridia Re Iv,MLMIV.PA,0
Mersen,MRN.PA,0
Metavisio,ALTHO.PA,0
Methanor,ALMET.PA,0
Metrics In Balance,MLMIB.PA,0
Metropole Tv,MMT.PA,0
Mexedia,ALMEX.PA,0
Mg International,ALMGI.PA,0
Mgi Digital Graphi,ALMDG.PA,0
Michelin,ML.FR,0
Miguet Et Associes,MLNMA.PA,0
Miliboo,ALMLB.PA,0
Mon Courtier Energ,ALMCE.PA,0
Moncey (Fin.) Nom.,FMONC.PA,0
Montepino Logistic,MLMTP.PA,0
Moulinvest,ALMOU.PA,0
Mr Bricolage,ALMRB.PA,0
Munic,ALMUN.PA,0
Myhotelmatch,MHM.PA,0
Nacon,NACON.PA,0
Namr,ALNMR.PA,0
Nanobiotix,NANO.PA,0
Neolife,ALNLF.PA,0
Neovacs,ALNEV.PA,0
Netgem,ALNTG.PA,0
Netmedia Group,ALNMG.PA,0
Neurones,NRO.PA,0
Nexans,NEX.PA,0
Nexity,NXI.PA,0
Nextedia,ALNXT.PA,0
Nfl Biosciences,ALNFL.PA,0
Nicox,ALCOX.PA,0
Nokia,NOKIA.PA,0
Novacyt,ALNOV.PA,0
Novatech Ind.,MLNOV.PA,0
Nr21,NR21.PA,0
Nrj Group,NRG.PA,0
Nsc Groupe,ALNSC.PA,0
Nse,ALNSE.PA,0
Ober,ALOBR.PA,0
Obiz,ALBIZ.PA,0
Octopus Biosafety,MLOCT.PA,0
Oeneo,SBT.PA,0
Ok Properties,MLOKP.PA,0
Omer-Decugis & Cie,ALODC.PA,0
Oncodesign Pm,ALOPM.PA,0
One Experience,ALEXP.PA,0
Onlineformapro,MLONL.PA,0
Orange,ORA.PA,0
Orbis Properties,MLORB.PA,0
Ordissimo,ALORD.PA,0
Orege,OREGE.PA,0
Orinoquia,MLORQ.PA,0
Ose Immuno,OSE.PA,0
Osmosun,ALWTR.PA,0
Ovh,OVH.PA,1
Pacte Novation,MLPAC.PA,0
Paref,PAR.PA,0
Parrot,PARRO.PA,1
Part.Indles Mini.,MLHOP.PA,0
Parx Materials Nv,MLPRX.PA,0
Passat,PSAT.PA,0
Patrimoine Et Comm,PAT.PA,0
Paulic Meunerie,ALPAU.PA,0
Pernod Ricard,RI.PA,0
Perrier (Gerard),PERR.PA,0
Pet Service,MLPET.PA,0
Peugeot Invest,PEUG.PA,0
Phaxiam Tx,PHXM.PA,0
Phone Web,MLPHW.PA,0
Photonike Capital,MLPHO.PA,0
Pierre Vacances,VAC.PA,0
Piscines Desjoyaux,ALPDX.PA,0
Placoplatre,MLPLC.PA,0
Plant Advanced,ALPAT.PA,0
Plast.Val Loire,PVL.PA,0
Poujoulat,ALPJT.PA,0
Poulaillon,ALPOU.PA,0
Poxel,POXEL.PA,0
Precia,ALPM.PA,0
Predilife,ALPRE.PA,0
Prismaflex Intl,ALPRI.PA,0
Proactis Sa,PROAC.PA,0
Prodware,ALPRO.PA,0
Prodways,PWG.PA,0
Prologue,ALPRG.PA,0
Publicis Groupe Sa,PUB.PA,0
Quadient,QDT.PA,0
Quantum Genomics,ALQGC.PA,0
Qwamplify,ALQWA.PA,0
Racing Force,ALRFG.PA,0
Ramsay Gen Sante,GDS.PA,0
Rapid Nutrition,ALRPD.PA,0
Realites,ALREA.PA,0
Remy Cointreau,RCO.PA,0
Renault,RNO.PA,0
Res Gestae Socimi,MLJDL.PA,0
Reworld Media,ALREW.PA,0
Rexel,RXL.PA,0
Riber,ALRIB.PA,0
Robertet,RBT.PA,0
Robertet Ci,CBE.PA,0
Roche Bobois,RBO.PA,0
Roctool,ALROC.PA,0
Rougier S.A.,ALRGR.PA,0
Rubis,RUI.PA,0
S.E.B.,SK.PA,0
Safe,ALSAF.PA,0
Safran,SAF.PA,0
Sagax Real Estate,MLSAG.PA,0
Saint Gobain,SGO.PA,0
Saint Jean Groupe,SABE.PA,0
Samse,SAMS.PA,0
Sanofi,SAN.PA,0
Sapmer,ALMER.PA,0
Sartorius Sted Bio,DIM.PA,0
Savencia,SAVE.PA,0
Savonnerie Nyons,MLSDN.PA,0
Scbsm,CBSM.PA,0
Scemi,MLCMI.PA,0
Schneider Electric,SU.PA,0
Scientia School,MLSCI.PA,0
Scor Se,SCR.PA,0
Seche Environnem.,SCHP.PA,0
Selectirente,SELER.PA,0
Sensorion,ALSEN.PA,0
Sequa Petroleum Nv,MLSEQ.PA,0
Sergeferrari Group,SEFER.PA,0
Ses,SESG.PA,0
Showroomprive,SRP.PA,0
Sidetrade,ALBFR.PA,0
Signaux Girod,ALGIR.PA,0
Sirius Media,ALSRS.PA,0
Smaio,ALSMA.PA,0
Smalto,MLSML.PA,0
Smart Good Things,MLSGT.PA,0
Smcp,SMCP.PA,0
Smtpc,ALTPC.PA,0
Soc Franc Casinos,SFCA.PA,0
Societe Generale,GLE.PA,0
Sodexo,SW.PA,0
Soditech,SEC.PA,0
Sogeclair,ALSOG.PA,0
Soitec,SOI.PA,0
Solocal Group,LOCAL.PA,0
Solutions 30 Se,S30.PA,0
Sopra Steria Group,SOP.PA,0
Spartoo,ALSPT.PA,0
Speed Rabbit Pizza,MLSRP.PA,0
Spie,SPIE.PA,0
Spineguard,ALSGD.PA,0
Spineway,ALSPW.PA,0
St Dupont,DPT.PA,0
Stef,STF.PA,0
Stellantis Nv,STLAP.PA,0
Stif,ALSTI.PA,0
Stmicroelectronics,STMPA.PA,0
Stradim Espac.Fin,ALSAS.PA,0
Streamwide,ALSTW.PA,0
Streit Mecanique,MLSTR.PA,0
Sumo Resources Plc,MLSUM.PA,0
Sword Group,SWP.PA,0
Synergie,SDG.PA,0
Tarkett,TKTT.PA,0
Tatatu,ALTTU.PA,0
Tayninh,TAYN.PA,0
Technip Energies,TE.PA,0
Teleperformance,TEP.PA,0
Televerbier,TVRB.PA,0
Televista,MLVST.PA,0
Teract,TRACT.PA,0
Tf1,TFI.PA,1
Tff Group,TFF.PA,0
Thales,HO.PA,0
The Azur Selection,MLAZR.PA,0
The Blockchain Gp,ALTBG.PA,0
Theraclion,ALTHE.PA,0
Theranexus,ALTHX.PA,0
Thermador Groupe,THEP.PA,0
Tikehau Capital,TKO.PA,0
Tme Pharma,ALTME.PA,0
Tonner Drones,ALTD.PA,0
Toosla,ALTOO.PA,0
Totalenergies,TTE.PA,0
Totalenergiesgabon,EC.PA,0
Touax,TOUP.PA,0
Tour Eiffel,EIFF.PA,0
Transgene,TNG.PA,0
Trigano,TRI.PA,0
Trilogiq,ALTRI.PA,0
Troc Ile,MLTRO.PA,0
Tronics,ALTRO.PA,0
Txcom,ALTXC.PA,0
U10 Corp,ALU10.PA,0
Ubisoft Entertain,UBI.PA,0
Umalis Group,MLUMG.PA,0
Unibail-Rodamco-We,URW.PA,0
Unibel,UNBL.PA,0
Union Tech.Infor.,FPG.PA,0
Uniti,ALUNT.PA,0
Upergy,ALUPG.PA,0
Uv Germi,ALUVI.PA,0
Valbiotis,ALVAL.PA,0
Valeo,FR.PA,0
Valerio Tx,ALVIO.PA,0
Vallourec,VK.PA,0
Valneva,VLA.PA,0
Vandor Real Estate,MLVRE.PA,0
Vantiva,VANTI.PA,0
Vente Unique.Com,ALVU.PA,0
Veolia Environ.,VIE.PA,0
Veom Group,ALVG.PA,0
Verallia,VRLA.PA,0
Vergnet,ALVER.PA,0
Verimatrix,VMX.PA,0
Verney Carron,MLVER.PA,0
Versity,MLVSY.PA,0
Vetoquinol,VETO.PA,0
Vialife,ALVIA.PA,0
Vicat,VCT.PA,0
Viel Et Compagnie,VIL.PA,0
Vinci,DG.PA,0
Vinpai,ALVIN.PA,0
Virbac,VIRP.PA,0
Virtualware,MLVIR.PA,0
Vitura,VTR.PA,0
Vivendi Se,VIV.PA,0
Vogo,ALVGO.PA,0
Voltalia,VLTSA.PA,0
Voyageurs Du Monde,ALVDM.PA,0
Vranken-Pommery,VRAP.PA,0
Vref Seville,MLVRF.PA,0
Waga Energy,WAGA.PA,0
Wallix,ALLIX.PA,0
Wavestone,WAVE.PA,0
We.Connect,ALWEC.PA,0
Weaccess Group,MLWEA.PA,0
Wendel,MF.PA,0
Weya,MLWEY.PA,0
Winfarm,ALWF.PA,0
Witbe,ALWIT.PA,0
Worldline,WLN.PA,0
X-Fab,XFAB.PA,0
Xilam Animation,XIL.PA,0
Zccm,MLZAM.PA,0
