day,code,mm,macd,bollinger,rsi,score
2025-7-16,CS.PA,85,0,50,,
2025-7-16,CS.PA,85,0,50,,
2025-7-16,PARRO.PA,100,100,0,,
2025-7-16,CLARI.PA,100,25,50,,
2025-7-16,EN.PA,85,50,50,,
2025-7-16,OVH.PA,85,50,50,,
2025-7-16,ALO.PA,0,100,25,,
2025-7-16,TFI.PA,100,25,50,,
2025-7-16,ACA.PA,65,75,50,,
2025-7-16,HO.PA,85,75,50,,
2025-7-16,OR.PA,85,0,50,,
2025-7-16,TTE.PA,15,25,50,,
2025-7-16,SAN.PA,0,75,50,,
2025-7-16,BN.PA,75,50,75,,
2025-7-16,BNP.PA,85,50,50,,
2025-7-16,GLE.PA,100,50,50,,
2025-7-16,CA.PA,0,50,50,,
2025-7-16,DG.PA,85,0,50,,
2025-7-18,CLARI.PA,100,25,50,,
2025-7-18,CS.PA,85,0,50,,
2025-7-18,PARRO.PA,100,100,0,,
2025-7-18,EN.PA,85,50,50,,
2025-7-18,OVH.PA,85,50,50,,
2025-7-18,ALO.PA,0,100,50,,
2025-7-18,TFI.PA,100,25,50,,
2025-7-18,ACA.PA,65,50,50,,
2025-7-18,HO.PA,85,75,50,,
2025-7-18,TTE.PA,15,25,50,,
2025-7-18,OR.PA,85,0,50,,
2025-7-18,SAN.PA,0,75,50,,
2025-7-18,BN.PA,75,50,75,,
2025-7-18,BNP.PA,85,50,50,,
2025-7-18,GLE.PA,100,50,50,,
2025-7-18,CA.PA,0,50,50,,
2025-7-18,DG.PA,85,0,50,,
2025-7-19,CS.PA,85,100,50,,
2025-7-19,PARRO.PA,100,100,0,,
2025-7-19,CLARI.PA,100,25,50,,
2025-7-19,EN.PA,100,50,50,,
2025-7-19,OVH.PA,85,50,50,,
2025-7-19,ALO.PA,15,100,25,,
2025-7-19,TFI.PA,100,50,50,,
2025-7-19,ACA.PA,65,75,50,,
2025-7-19,HO.PA,75,75,50,,
2025-7-19,OR.PA,85,0,50,,
2025-7-19,TTE.PA,15,50,50,,
2025-7-19,SAN.PA,0,75,50,,
2025-7-19,BN.PA,65,50,50,,
2025-7-19,BNP.PA,85,100,25,,
2025-7-19,GLE.PA,100,50,50,,
2025-7-19,CA.PA,0,50,50,,
2025-7-19,DG.PA,85,0,50,,
2025-7-20,AFMBS.PA,N/A,,N/A,,
2025-7-20,MLAGP.PA,N/A,,N/A,,
2025-7-20,ALD.PA,N/A,,N/A,,
2025-7-20,ALGRE.PA,N/A,,N/A,,
2025-7-20,ALNEO.PA,N/A,,N/A,,
2025-7-20,LTA.PA,N/A,,N/A,,
2025-7-20,ALTUR.PA,N/A,,N/A,,
2025-7-20,APAM.PA,N/A,,N/A,,
2025-7-20,MT.PA,N/A,,N/A,,
2025-7-20,ARDO.PA,N/A,,N/A,,
2025-7-20,MLARO.PA,N/A,,N/A,,
2025-7-20,ARVBS.PA,N/A,,N/A,,
2025-7-20,MLAUD.PA,N/A,,N/A,,
2025-7-20,ALAUR.PA,N/A,,N/A,,
2025-7-20,AXW.PA,N/A,,N/A,,
2025-7-20,MLAZL.PA,N/A,,N/A,,
2025-7-20,MLBAT.PA,N/A,,N/A,,
2025-7-20,MLBMD.PA,N/A,,N/A,,
2025-7-20,BPSBS.PA,N/A,,N/A,,
2025-7-20,BPBS.PA,N/A,,N/A,,
2025-7-20,BIOS.PA,N/A,,N/A,,
2025-7-20,MLAAE.PA,N/A,,N/A,,
2025-7-20,CARP.PA,N/A,,N/A,,
2025-7-20,CATG.PA,N/A,,N/A,,
2025-7-20,CATR.PA,N/A,,N/A,,
2025-7-20,CBIBS.PA,N/A,,N/A,,
2025-7-20,CYAD.PA,N/A,,N/A,,
2025-7-20,CGG.PA,N/A,,N/A,,
2025-7-20,MLCVG.PA,N/A,,N/A,,
2025-7-20,MLCIO.PA,N/A,,N/A,,
2025-7-20,ALCLA.PA,N/A,,N/A,,
2025-7-20,CNV.PA,N/A,,N/A,,
2025-7-20,MLMFI.PA,N/A,,N/A,,
2025-7-20,MLCNT.PA,N/A,,N/A,,
2025-7-20,MLCOR.PA,N/A,,N/A,,
2025-7-20,CYBK1.PA,N/A,,N/A,,
2025-7-20,CYBKA.PA,N/A,,N/A,,
2025-7-20,CYBKB.PA,N/A,,N/A,,
2025-7-20,DEEZW.PA,N/A,,N/A,,
2025-7-20,DMSBS.PA,N/A,,N/A,,
2025-7-20,ALIMG.PA,N/A,,N/A,,
2025-7-20,BNBS.PA,N/A,,N/A,,
2025-7-20,MLEAS.PA,N/A,,N/A,,
2025-7-20,MLEAV.PA,N/A,,N/A,,
2025-7-20,MLECO.PA,N/A,,N/A,,
2025-7-20,ALENE.PA,N/A,,N/A,,
2025-7-20,ALENI.PA,N/A,,N/A,,
2025-7-20,ALPLA.PA,N/A,,N/A,,
2025-7-20,ESI.PA,N/A,,N/A,,
2025-7-20,ALESK.PA,N/A,,N/A,,
2025-7-20,EUR.PA,N/A,,N/A,,
2025-7-20,EXN.PA,N/A,,N/A,,
2025-7-20,FDJ.PA,N/A,,N/A,,
2025-7-20,FALG.PA,N/A,,N/A,,
2025-7-20,BERR.PA,N/A,,N/A,,
2025-7-20,FNTS.PA,0,0,100,,
2025-7-20,ALFOC.PA,N/A,,N/A,,
2025-7-20,EURS.PA,0,0,100,,
2025-7-20,MLFSG.PA,0,0,50,,
2025-7-20,GALIM.PA,N/A,,N/A,,
2025-7-20,ALGAU.PA,N/A,,N/A,,
2025-7-20,GV.PA,N/A,,N/A,,
2025-7-20,MLGLA.PA,N/A,,N/A,,
2025-7-20,MLGLB.PA,0,75,50,,
2025-7-20,MLGLW.PA,N/A,,N/A,,
2025-7-20,ALPAR.PA,N/A,,N/A,,
2025-7-20,ALKEM.PA,N/A,,N/A,,
2025-7-20,MLPVG.PA,0,0,75,,
2025-7-20,GTBP.PA,0,0,50,,
2025-7-20,MLGDI.PA,0,0,50,,
2025-7-20,MLHCF.PA,0,0,75,,
2025-7-20,ALHPI.PA,N/A,,N/A,,
2025-7-20,ALHYG.PA,N/A,,N/A,,
2025-7-20,ALICR.PA,N/A,,N/A,,
2025-7-20,MLINT.PA,0,0,75,,
2025-7-20,ALIDS.PA,N/A,,N/A,,
2025-7-20,MLABC.PA,0,0,75,,
2025-7-20,ALIE.PA,0,0,75,,
2025-7-20,MLVIE.PA,N/A,,N/A,,
2025-7-20,MLIOC.PA,N/A,,N/A,,
2025-7-20,MLITN.PA,N/A,,N/A,,
2025-7-20,ITE.PA,N/A,,N/A,,
2025-7-20,MLJSA.PA,N/A,,N/A,,
2025-7-20,ALPER.PA,N/A,,N/A,,
2025-7-20,MRM.PA,N/A,,N/A,,
2025-7-20,MLMAB.PA,N/A,,N/A,,
2025-7-20,MLMAQ.PA,N/A,,N/A,,
2025-7-20,MASBS.PA,N/A,,N/A,,
2025-7-20,MCPHY.PA,N/A,,N/A,,
2025-7-20,MLMDV.PA,N/A,,N/A,,
2025-7-20,ALMDP.PA,N/A,,N/A,,
2025-7-20,ALKER.PA,N/A,,N/A,,
2025-7-20,MLMCE.PA,N/A,,N/A,,
2025-7-20,METEX.PA,N/A,,N/A,,
2025-7-20,MLETA.PA,N/A,,N/A,,
2025-7-20,ML.PA,N/A,,N/A,,
2025-7-20,ALMIC.PA,N/A,,N/A,,
2025-7-20,ALBUD.PA,N/A,,N/A,,
2025-7-20,ALMND.PA,N/A,,N/A,,
2025-7-20,MONT.PA,N/A,,N/A,,
2025-7-20,MLMUT.PA,N/A,,N/A,,
2025-7-20,NEOEN.PA,N/A,,N/A,,
2025-7-20,NHOA.PA,N/A,,N/A,,
2025-7-20,MLBIO.PA,N/A,,N/A,,
2025-7-20,OLG.PA,N/A,,N/A,,
2025-7-20,ORAP.PA,N/A,,N/A,,
2025-7-20,ORP.PA,N/A,,N/A,,
2025-7-20,ALOSM.PA,N/A,,N/A,,
2025-7-20,MLPER.PA,N/A,,N/A,,
2025-7-20,ALPHS.PA,N/A,,N/A,,
2025-7-20,ALPHA.PA,N/A,,N/A,,
2025-7-20,VACBS.PA,N/A,,N/A,,
2025-7-20,VACBT.PA,N/A,,N/A,,
2025-7-20,ALPIX.PA,N/A,,N/A,,
2025-7-20,PATBS.PA,N/A,,N/A,,
2025-7-20,POM.PA,N/A,,N/A,,
2025-7-20,PROBT.PA,N/A,,N/A,,
2025-7-20,MLPRI.PA,N/A,,N/A,,
2025-7-20,ALQP.PA,N/A,,N/A,,
2025-7-20,RAL.PA,N/A,,N/A,,
2025-7-20,CBR.PA,N/A,,N/A,,
2025-7-20,ROCBT.PA,N/A,,N/A,,
2025-7-20,SLB.PA,N/A,,N/A,,
2025-7-20,SGRO.PA,N/A,,N/A,,
2025-7-20,ALSEI.PA,N/A,,N/A,,
2025-7-20,SLCO.PA,N/A,,N/A,,
2025-7-20,MLSMP.PA,N/A,,N/A,,
2025-7-20,SESL.PA,N/A,,N/A,,
2025-7-20,SII.PA,N/A,,N/A,,
2025-7-20,MLSIL.PA,N/A,,N/A,,
2025-7-20,MLMAT.PA,N/A,,N/A,,
2025-7-20,SMLBS.PA,N/A,,N/A,,
2025-7-20,SOLB.PA,N/A,,N/A,,
2025-7-20,SQI.PA,N/A,,N/A,,
2025-7-20,STWBS.PA,N/A,,N/A,,
2025-7-20,STRBS.PA,N/A,,N/A,,
2025-7-20,SYENS.PA,N/A,,N/A,,
2025-7-20,TCHCS.PA,N/A,,N/A,,
2025-7-20,TERBS.PA,N/A,,N/A,,
2025-7-20,ALVET.PA,N/A,,N/A,,
2025-7-20,TIPI.PA,N/A,,N/A,,
2025-7-20,TITC.PA,N/A,,N/A,,
2025-7-20,TMBSY.PA,N/A,,N/A,,
2025-7-20,ALTLX.PA,N/A,,N/A,,
2025-7-20,MLTRA.PA,N/A,,N/A,,
2025-7-20,ALTTI.PA,N/A,,N/A,,
2025-7-20,MLALE.PA,N/A,,N/A,,
2025-7-20,VKBS.PA,N/A,,N/A,,
2025-7-20,VANBS.PA,N/A,,N/A,,
2025-7-20,MLVAZ.PA,N/A,,N/A,,
2025-7-20,ALVIV.PA,N/A,,N/A,,
2025-7-20,VIVBS.PA,N/A,,N/A,,
2025-7-20,ALVMG.PA,N/A,,N/A,,
2025-7-20,ALWED.PA,N/A,,N/A,,
2025-7-20,MLWEL.PA,N/A,,N/A,,
2025-7-20,MLWRC.PA,N/A,,N/A,,
2025-7-20,MLWIZ.PA,N/A,,N/A,,
2025-7-20,XILDS.PA,N/A,,N/A,,
2025-7-20,CV.PA,N/A,,N/A,,
2025-7-20,ALMIL.PA,N/A,,N/A,,
2025-7-20,ALAST.PA,N/A,,N/A,,
2025-7-20,ABO.PA,0,0,50,,
2025-7-20,ALACT.PA,N/A,,N/A,,
2025-7-20,ADUX.PA,N/A,,N/A,,
2025-7-20,AL2SI.PA,100,100,25,,
2025-7-20,AB.PA,90,0,75,,
2025-7-20,ABCA.PA,100,50,50,,
2025-7-20,ABEO.PA,35,25,50,,
2025-7-20,ABNX.PA,0,50,25,,
2025-7-20,ABVX.PA,35,100,25,,
2025-7-20,ABLD.PA,65,100,50,,
2025-7-20,ACAN.PA,55.00000000000001,0,50,,
2025-7-20,AC.PA,70,100,25,,
2025-7-20,ALALO.PA,N/A,,N/A,,
2025-7-20,EOS.PA,85,25,100,,
2025-7-20,ALATI.PA,100,50,25,,
2025-7-20,MLACT.PA,0,0,50,,
2025-7-20,ALDV.PA,70,0,75,,
2025-7-20,ALARF.PA,N/A,,N/A,,
2025-7-20,ADOC.PA,N/A,,N/A,,
2025-7-20,ALADO.PA,N/A,,N/A,,
2025-7-20,ADP.PA,N/A,,N/A,,
2025-7-20,ALDVI.PA,N/A,,N/A,,
2025-7-20,ALAVI.PA,N/A,,N/A,,
2025-7-20,AELIS.PA,N/A,,N/A,,
2025-7-20,AKOM.PA,N/A,,N/A,,
2025-7-20,AFME.PA,N/A,,N/A,,
2025-7-20,ALAFY.PA,N/A,,N/A,,
2025-7-20,MLAGI.PA,N/A,,N/A,,
2025-7-20,MLAA.PA,N/A,,N/A,,
2025-7-20,ALAGP.PA,N/A,,N/A,,
2025-7-20,ALAGR.PA,N/A,,N/A,,
2025-7-20,AF.PA,N/A,,N/A,,
2025-7-20,AI.PA,N/A,,N/A,,
2025-7-20,AIR.PA,N/A,,N/A,,
2025-7-20,ALAIR.PA,N/A,,N/A,,
2025-7-20,AKW.PA,N/A,,N/A,,
2025-7-20,AAA.PA,N/A,,N/A,,
2025-7-20,ALCHI.PA,N/A,,N/A,,
2025-7-20,CDA.PA,N/A,,N/A,,
2025-7-20,ALO.PA,N/A,,N/A,,
2025-7-20,ALTA.PA,N/A,,N/A,,
2025-7-20,AREIT.PA,N/A,,N/A,,
2025-7-20,ATE.PA,N/A,,N/A,,
2025-7-20,ALORA.PA,N/A,,N/A,,
2025-7-20,MLALV.PA,N/A,,N/A,,
2025-7-20,ALAMA.PA,N/A,,N/A,,
2025-7-20,MLAAH.PA,N/A,,N/A,,
2025-7-20,ALMIB.PA,N/A,,N/A,,
2025-7-20,AMPLI.PA,N/A,,N/A,,
2025-7-20,AMUN.PA,N/A,,N/A,,
2025-7-20,ANTIN.PA,N/A,,N/A,,
2025-7-20,MLASO.PA,N/A,,N/A,,
2025-7-20,ALAQU.PA,N/A,,N/A,,
2025-7-20,ARAMI.PA,N/A,,N/A,,
2025-7-20,ALJXR.PA,N/A,,N/A,,
2025-7-20,ALCUR.PA,N/A,,N/A,,
2025-7-20,MLARD.PA,N/A,,N/A,,
2025-7-20,MLARE.PA,N/A,,N/A,,
2025-7-20,ARG.PA,N/A,,N/A,,
2025-7-20,MLARI.PA,N/A,,N/A,,
2025-7-20,AKE.PA,N/A,,N/A,,
2025-7-20,ARTE.PA,N/A,,N/A,,
2025-7-20,PRC.PA,N/A,,N/A,,
2025-7-20,ARTO.PA,N/A,,N/A,,
2025-7-20,ARVEN.PA,N/A,,N/A,,
2025-7-20,MLAEM.PA,N/A,,N/A,,
2025-7-20,ASY.PA,N/A,,N/A,,
2025-7-20,MLAST.PA,N/A,,N/A,,
2025-7-20,ALATA.PA,N/A,,N/A,,
2025-7-20,ATEME.PA,N/A,,N/A,,
2025-7-20,ATLD.PA,N/A,,N/A,,
2025-7-20,ATO.PA,N/A,,N/A,,
2025-7-20,AUB.PA,N/A,,N/A,,
2025-7-20,ALAUD.PA,N/A,,N/A,,
2025-7-20,AUGR.PA,N/A,,N/A,,
2025-7-20,ALAMG.PA,N/A,,N/A,,
2025-7-20,AURE.PA,N/A,,N/A,,
2025-7-20,AVT.PA,N/A,,N/A,,
2025-7-20,CS.PA,N/A,,N/A,,
2025-7-20,MLAAT.PA,N/A,,N/A,,
2025-7-20,ALBKK.PA,N/A,,N/A,,
2025-7-20,BAIN.PA,N/A,,N/A,,
2025-7-20,BALYO.PA,N/A,,N/A,,
2025-7-20,BUI.PA,N/A,,N/A,,
2025-7-20,MLBAR.PA,N/A,,N/A,,
2025-7-20,BASS.PA,N/A,,N/A,,
2025-7-20,BLC.PA,N/A,,N/A,,
2025-7-20,ALBDM.PA,N/A,,N/A,,
2025-7-20,MLBBO.PA,N/A,,N/A,,
2025-7-20,BLV.PA,N/A,,N/A,,
2025-7-20,BEN.PA,N/A,,N/A,,
2025-7-20,ALDBL.PA,N/A,,N/A,,
2025-7-20,BB.PA,N/A,,N/A,,
2025-7-20,BIG.PA,N/A,,N/A,,
2025-7-20,ALBLD.PA,N/A,,N/A,,
2025-7-20,ALTUV.PA,N/A,,N/A,,
2025-7-20,BIM.PA,N/A,,N/A,,
2025-7-20,ALBPS.PA,N/A,,N/A,,
2025-7-20,ALBIO.PA,N/A,,N/A,,
2025-7-20,BLEE.PA,N/A,,N/A,,
2025-7-20,MLBSP.PA,N/A,,N/A,,
2025-7-20,ALBLU.PA,N/A,,N/A,,
2025-7-20,BNP.PA,N/A,,N/A,,
2025-7-20,ALBOA.PA,N/A,,N/A,,
2025-7-20,MLONE.PA,N/A,,N/A,,
2025-7-20,BOI.PA,N/A,,N/A,,
2025-7-20,BOL.PA,N/A,,N/A,,
2025-7-20,BON.PA,N/A,,N/A,,
2025-7-20,MLBON.PA,N/A,,N/A,,
2025-7-20,ALBOO.PA,N/A,,N/A,,
2025-7-20,ALBOU.PA,N/A,,N/A,,
2025-7-20,BSD.PA,N/A,,N/A,,
2025-7-20,EN.PA,N/A,,N/A,,
2025-7-20,ALBPK.PA,N/A,,N/A,,
2025-7-20,BVI.PA,N/A,,N/A,,
2025-7-20,BUR.PA,N/A,,N/A,,
2025-7-20,CAT31.PA,N/A,,N/A,,
2025-7-20,ALCAB.PA,N/A,,N/A,,
2025-7-20,CAFO.PA,N/A,,N/A,,
2025-7-20,CBDG.PA,N/A,,N/A,,
2025-7-20,ALCAP.PA,N/A,,N/A,,
2025-7-20,CAP.PA,N/A,,N/A,,
2025-7-20,ALCRB.PA,N/A,,N/A,,
2025-7-20,ALCAR.PA,N/A,,N/A,,
2025-7-20,CARM.PA,N/A,,N/A,,
2025-7-20,CA.PA,N/A,,N/A,,
2025-7-20,CO.PA,N/A,,N/A,,
2025-7-20,ALCIS.PA,N/A,,N/A,,
2025-7-20,ALCBI.PA,N/A,,N/A,,
2025-7-20,CBOT.PA,N/A,,N/A,,
2025-7-20,CGM.PA,N/A,,N/A,,
2025-7-20,ALCLS.PA,N/A,,N/A,,
2025-7-20,ALPCV.PA,N/A,,N/A,,
2025-7-20,CFI.PA,N/A,,N/A,,
2025-7-20,MLCFM.PA,N/A,,N/A,,
2025-7-20,MLCFD.PA,N/A,,N/A,,
2025-7-20,CRI.PA,N/A,,N/A,,
2025-7-20,ALCWE.PA,N/A,,N/A,,
2025-7-20,CHSR.PA,N/A,,N/A,,
2025-7-20,MLCHE.PA,N/A,,N/A,,
2025-7-20,CDI.PA,N/A,,N/A,,
2025-7-20,ALCBX.PA,N/A,,N/A,,
2025-7-20,MLCMB.PA,N/A,,N/A,,
2025-7-20,CLA.PA,N/A,,N/A,,
2025-7-20,CLARI.PA,N/A,,N/A,,
2025-7-20,MLCMG.PA,N/A,,N/A,,
2025-7-20,COFA.PA,N/A,,N/A,,
2025-7-20,ALCOF.PA,N/A,,N/A,,
2025-7-20,ALLEC.PA,N/A,,N/A,,
2025-7-20,ALCOG.PA,N/A,,N/A,,
2025-7-20,COH.PA,N/A,,N/A,,
2025-7-20,ALCOI.PA,N/A,,N/A,,
2025-7-20,MLCLP.PA,N/A,,N/A,,
2025-7-20,ODET.PA,N/A,,N/A,,
2025-7-20,MLLCB.PA,N/A,,N/A,,
2025-7-20,MLCOE.PA,N/A,,N/A,,
2025-7-20,MLCOT.PA,N/A,,N/A,,
2025-7-20,COTY.PA,N/A,,N/A,,
2025-7-20,MLCOU.PA,N/A,,N/A,,
2025-7-20,COUR.PA,N/A,,N/A,,
2025-7-20,COV.PA,N/A,,N/A,,
2025-7-20,COVH.PA,N/A,,N/A,,
2025-7-20,CRAP.PA,N/A,,N/A,,
2025-7-20,CRAV.PA,N/A,,N/A,,
2025-7-20,CRBP2.PA,N/A,,N/A,,
2025-7-20,CIV.PA,N/A,,N/A,,
2025-7-20,CRLA.PA,N/A,,N/A,,
2025-7-20,CRLO.PA,N/A,,N/A,,
2025-7-20,CMO.PA,N/A,,N/A,,
2025-7-20,CNDF.PA,N/A,,N/A,,
2025-7-20,CCN.PA,N/A,,N/A,,
2025-7-20,CAF.PA,N/A,,N/A,,
2025-7-20,CRSU.PA,N/A,,N/A,,
2025-7-20,CRTO.PA,N/A,,N/A,,
2025-7-20,ACA.PA,N/A,,N/A,,
2025-7-20,ALCJ.PA,N/A,,N/A,,
2025-7-20,CROS.PA,N/A,,N/A,,
2025-7-20,ALCYB.PA,N/A,,N/A,,
2025-7-20,ALDLS.PA,N/A,,N/A,,
2025-7-20,MLDAM.PA,N/A,,N/A,,
2025-7-20,ALDAR.PA,N/A,,N/A,,
2025-7-20,BN.PA,N/A,,N/A,,
2025-7-20,AM.PA,N/A,,N/A,,
2025-7-20,DSY.PA,N/A,,N/A,,
2025-7-20,ALDBT.PA,N/A,,N/A,,
2025-7-20,DBV.PA,N/A,,N/A,,
2025-7-20,DEEZR.PA,N/A,,N/A,,
2025-7-20,DKUPL.PA,N/A,,N/A,,
2025-7-20,ALDEL.PA,N/A,,N/A,,
2025-7-20,ALDLT.PA,N/A,,N/A,,
2025-7-20,DBG.PA,N/A,,N/A,,
2025-7-20,ALDEV.PA,N/A,,N/A,,
2025-7-20,ALDMS.PA,N/A,,N/A,,
2025-7-20,ALDNX.PA,N/A,,N/A,,
2025-7-20,DPAM.PA,N/A,,N/A,,
2025-7-20,ALDOL.PA,N/A,,N/A,,
2025-7-20,ALDNE.PA,N/A,,N/A,,
2025-7-20,ALDRV.PA,N/A,,N/A,,
2025-7-20,MLDYN.PA,N/A,,N/A,,
2025-7-20,MLDYX.PA,N/A,,N/A,,
2025-7-20,ALAGO.PA,N/A,,N/A,,
2025-7-20,MLEDR.PA,N/A,,N/A,,
2025-7-20,ALECO.PA,N/A,,N/A,,
2025-7-20,ALESA.PA,N/A,,N/A,,
2025-7-20,EDEN.PA,N/A,,N/A,,
2025-7-20,ALEAC.PA,N/A,,N/A,,
2025-7-20,MLEDS.PA,N/A,,N/A,,
2025-7-20,MLEFA.PA,N/A,,N/A,,
2025-7-20,MLEDU.PA,N/A,,N/A,,
2025-7-20,ALGID.PA,N/A,,N/A,,
2025-7-20,FGR.PA,N/A,,N/A,,
2025-7-20,EKI.PA,N/A,,N/A,,
2025-7-20,ELEC.PA,N/A,,N/A,,
2025-7-20,EEM.PA,N/A,,N/A,,
2025-7-20,ELIOR.PA,N/A,,N/A,,
2025-7-20,ELIS.PA,N/A,,N/A,,
2025-7-20,MLERH.PA,N/A,,N/A,,
2025-7-20,MLUAV.PA,N/A,,N/A,,
2025-7-20,ALEMV.PA,N/A,,N/A,,
2025-7-20,ALDUB.PA,N/A,,N/A,,
2025-7-20,ALNN6.PA,N/A,,N/A,,
2025-7-20,ALNRG.PA,N/A,,N/A,,
2025-7-20,ENGI.PA,N/A,,N/A,,
2025-7-20,ALENO.PA,N/A,,N/A,,
2025-7-20,ALESE.PA,N/A,,N/A,,
2025-7-20,ALENT.PA,N/A,,N/A,,
2025-7-20,ALENR.PA,N/A,,N/A,,
2025-7-20,ALEO2.PA,N/A,,N/A,,
2025-7-20,EQS.PA,N/A,,N/A,,
2025-7-20,ERA.PA,N/A,,N/A,,
2025-7-20,EL.PA,N/A,,N/A,,
2025-7-20,ES.PA,N/A,,N/A,,
2025-7-20,EFI.PA,N/A,,N/A,,
2025-7-20,ALEUA.PA,N/A,,N/A,,
2025-7-20,RF.PA,N/A,,N/A,,
2025-7-20,EAPI.PA,N/A,,N/A,,
2025-7-20,ALERS.PA,N/A,,N/A,,
2025-7-20,ALECR.PA,N/A,,N/A,,
2025-7-20,ERF.PA,N/A,,N/A,,
2025-7-20,MLERO.PA,N/A,,N/A,,
2025-7-20,MLCAN.PA,N/A,,N/A,,
2025-7-20,ALEMG.PA,N/A,,N/A,,
2025-7-20,ENX.PA,N/A,,N/A,,
2025-7-20,ALECP.PA,N/A,,N/A,,
2025-7-20,ALEUP.PA,N/A,,N/A,,
2025-7-20,ETL.PA,N/A,,N/A,,
2025-7-20,EGR.PA,N/A,,N/A,,
2025-7-20,ALEXA.PA,N/A,,N/A,,
2025-7-20,EXA.PA,N/A,,N/A,,
2025-7-20,EXE.PA,N/A,,N/A,,
2025-7-20,EXPL.PA,N/A,,N/A,,
2025-7-20,ALPHI.PA,N/A,,N/A,,
2025-7-20,MLECE.PA,N/A,,N/A,,
2025-7-20,ALFBA.PA,N/A,,N/A,,
2025-7-20,FAYE.PA,N/A,,N/A,,
2025-7-20,MLFDV.PA,N/A,,N/A,,
2025-7-20,FDJU.PA,N/A,,N/A,,
2025-7-20,FCMC.PA,N/A,,N/A,,
2025-7-20,SACI.PA,N/A,,N/A,,
2025-7-20,ORIA.PA,N/A,,N/A,,
2025-7-20,FGA.PA,N/A,,N/A,,
2025-7-20,ALFUM.PA,N/A,,N/A,,
2025-7-20,FOAF.PA,N/A,,N/A,,
2025-7-20,FINM.PA,N/A,,N/A,,
2025-7-20,MLFXO.PA,N/A,,N/A,,
2025-7-20,FIPP.PA,N/A,,N/A,,
2025-7-20,MLFIR.PA,N/A,,N/A,,
2025-7-20,ALFLE.PA,N/A,,N/A,,
2025-7-20,ALFLO.PA,N/A,,N/A,,
2025-7-20,FNAC.PA,N/A,,N/A,,
2025-7-20,MLFNP.PA,N/A,,N/A,,
2025-7-20,LEBL.PA,N/A,,N/A,,
2025-7-20,INEA.PA,N/A,,N/A,,
2025-7-20,FLY.PA,N/A,,N/A,,
2025-7-20,MLVIN.PA,N/A,,N/A,,
2025-7-20,SPEL.PA,N/A,,N/A,,
2025-7-20,FORE.PA,N/A,,N/A,,
2025-7-20,FORSE.PA,N/A,,N/A,,
2025-7-20,FRVIA.PA,N/A,,N/A,,
2025-7-20,ALFPC.PA,N/A,,N/A,,
2025-7-20,FDE.PA,N/A,,N/A,,
2025-7-20,MLFTI.PA,N/A,,N/A,,
2025-7-20,ALFRE.PA,N/A,,N/A,,
2025-7-20,FREY.PA,N/A,,N/A,,
2025-7-20,MLGAI.PA,N/A,,N/A,,
2025-7-20,MLGAL.PA,N/A,,N/A,,
2025-7-20,ALBI.PA,N/A,,N/A,,
2025-7-20,GAM.PA,N/A,,N/A,,
2025-7-20,GEA.PA,N/A,,N/A,,
2025-7-20,ALGEC.PA,N/A,,N/A,,
2025-7-20,GFC.PA,N/A,,N/A,,
2025-7-20,GNE.PA,N/A,,N/A,,
2025-7-20,GNRO.PA,N/A,,N/A,,
2025-7-20,GNFT.PA,N/A,,N/A,,
2025-7-20,ALGEN.PA,N/A,,N/A,,
2025-7-20,SIGHT.PA,N/A,,N/A,,
2025-7-20,MLGEQ.PA,N/A,,N/A,,
2025-7-20,GET.PA,N/A,,N/A,,
2025-7-20,ALGEV.PA,N/A,,N/A,,
2025-7-20,GLO.PA,N/A,,N/A,,
2025-7-20,ALGBE.PA,N/A,,N/A,,
2025-7-20,MLNDG.PA,N/A,,N/A,,
2025-7-20,ALGLD.PA,N/A,,N/A,,
2025-7-20,GPE.PA,N/A,,N/A,,
2025-7-20,GRVO.PA,N/A,,N/A,,
2025-7-20,ALGRO.PA,N/A,,N/A,,
2025-7-20,MLGRC.PA,N/A,,N/A,,
2025-7-20,CEN.PA,N/A,,N/A,,
2025-7-20,ALGIL.PA,N/A,,N/A,,
2025-7-20,GJAJ.PA,N/A,,N/A,,
2025-7-20,ALLDL.PA,N/A,,N/A,,
2025-7-20,ALOKW.PA,N/A,,N/A,,
2025-7-20,PARP.PA,N/A,,N/A,,
2025-7-20,SFPI.PA,N/A,,N/A,,
2025-7-20,ALGTR.PA,N/A,,N/A,,
2025-7-20,ALIMO.PA,N/A,,N/A,,
2025-7-20,GTT.PA,N/A,,N/A,,
2025-7-20,GBT.PA,N/A,,N/A,,
2025-7-20,GUI.PA,N/A,,N/A,,
2025-7-20,ALHAF.PA,N/A,,N/A,,
2025-7-20,ALHGO.PA,N/A,,N/A,,
2025-7-20,PIG.PA,N/A,,N/A,,
2025-7-20,HDF.PA,N/A,,N/A,,
2025-7-20,MLHAY.PA,N/A,,N/A,,
2025-7-20,ALHRG.PA,N/A,,N/A,,
2025-7-20,RMS.PA,N/A,,N/A,,
2025-7-20,ALHEX.PA,N/A,,N/A,,
2025-7-20,ALHF.PA,N/A,,N/A,,
2025-7-20,HCO.PA,N/A,,N/A,,
2025-7-20,ALHYP.PA,N/A,,N/A,,
2025-7-20,ALHIT.PA,N/A,,N/A,,
2025-7-20,MLHK.PA,N/A,,N/A,,
2025-7-20,MLHBB.PA,N/A,,N/A,,
2025-7-20,ALHGR.PA,N/A,,N/A,,
2025-7-20,MLHPE.PA,N/A,,N/A,,
2025-7-20,ALHOP.PA,N/A,,N/A,,
2025-7-20,MLHMC.PA,N/A,,N/A,,
2025-7-20,MLHBP.PA,N/A,,N/A,,
2025-7-20,MLHOT.PA,N/A,,N/A,,
2025-7-20,HDP.PA,N/A,,N/A,,
2025-7-20,MLHIN.PA,N/A,,N/A,,
2025-7-20,ALHUN.PA,N/A,,N/A,,
2025-7-20,MLHYD.PA,N/A,,N/A,,
2025-7-20,MLHYE.PA,N/A,,N/A,,
2025-7-20,ALHRS.PA,N/A,,N/A,,
2025-7-20,ALI2S.PA,N/A,,N/A,,
2025-7-20,ICAD.PA,N/A,,N/A,,
2025-7-20,ALICA.PA,N/A,,N/A,,
2025-7-20,IDL.PA,N/A,,N/A,,
2025-7-20,IDIP.PA,N/A,,N/A,,
2025-7-20,MLIDS.PA,N/A,,N/A,,
2025-7-20,ALIKO.PA,N/A,,N/A,,
2025-7-20,MLIML.PA,N/A,,N/A,,
2025-7-20,NK.PA,N/A,,N/A,,
2025-7-20,MLIPP.PA,N/A,,N/A,,
2025-7-20,ALIMR.PA,N/A,,N/A,,
2025-7-20,IMDA.PA,N/A,,N/A,,
2025-7-20,ALIMP.PA,N/A,,N/A,,
2025-7-20,MLIMP.PA,N/A,,N/A,,
2025-7-20,MLIFS.PA,N/A,,N/A,,
2025-7-20,INFE.PA,N/A,,N/A,,
2025-7-20,MLIFC.PA,N/A,,N/A,,
2025-7-20,INF.PA,N/A,,N/A,,
2025-7-20,MLINM.PA,N/A,,N/A,,
2025-7-20,MLISP.PA,N/A,,N/A,,
2025-7-20,IPH.PA,N/A,,N/A,,
2025-7-20,ALINN.PA,N/A,,N/A,,
2025-7-20,MLIRF.PA,N/A,,N/A,,
2025-7-20,ALLUX.PA,N/A,,N/A,,
2025-7-20,ALINT.PA,N/A,,N/A,,
2025-7-20,ITP.PA,N/A,,N/A,,
2025-7-20,ITXT.PA,N/A,,N/A,,
2025-7-20,ALINS.PA,N/A,,N/A,,
2025-7-20,IVA.PA,N/A,,N/A,,
2025-7-20,ALINV.PA,N/A,,N/A,,
2025-7-20,MLIPO.PA,N/A,,N/A,,
2025-7-20,IPN.PA,N/A,,N/A,,
2025-7-20,IPS.PA,N/A,,N/A,,
2025-7-20,ALISP.PA,N/A,,N/A,,
2025-7-20,ALITL.PA,N/A,,N/A,,
2025-7-20,JBOG.PA,N/A,,N/A,,
2025-7-20,JCQ.PA,N/A,,N/A,,
2025-7-20,DEC.PA,N/A,,N/A,,
2025-7-20,MLJ21.PA,N/A,,N/A,,
2025-7-20,ALKAL.PA,N/A,,N/A,,
2025-7-20,KOF.PA,N/A,,N/A,,
2025-7-20,KER.PA,N/A,,N/A,,
2025-7-20,ALKLK.PA,N/A,,N/A,,
2025-7-20,ALKEY.PA,N/A,,N/A,,
2025-7-20,ALKKO.PA,N/A,,N/A,,
2025-7-20,ALKLA.PA,N/A,,N/A,,
2025-7-20,LI.PA,N/A,,N/A,,
2025-7-20,ALKOM.PA,N/A,,N/A,,
2025-7-20,ALVAP.PA,N/A,,N/A,,
2025-7-20,OR.PA,N/A,,N/A,,
2025-7-20,LACR.PA,N/A,,N/A,,
2025-7-20,MMB.PA,N/A,,N/A,,
2025-7-20,ALLAN.PA,N/A,,N/A,,
2025-7-20,ALLGO.PA,N/A,,N/A,,
2025-7-20,LAT.PA,N/A,,N/A,,
2025-7-20,LPE.PA,N/A,,N/A,,
2025-7-20,LOUP.PA,N/A,,N/A,,
2025-7-20,ALBON.PA,N/A,,N/A,,
2025-7-20,LSS.PA,N/A,,N/A,,
2025-7-20,LR.PA,N/A,,N/A,,
2025-7-20,ALLPL.PA,N/A,,N/A,,
2025-7-20,ALLHB.PA,N/A,,N/A,,
2025-7-20,ALLEX.PA,N/A,,N/A,,
2025-7-20,LHYFE.PA,N/A,,N/A,,
2025-7-20,LIN.PA,N/A,,N/A,,
2025-7-20,FII.PA,N/A,,N/A,,
2025-7-20,ALLAM.PA,N/A,,N/A,,
2025-7-20,ALLLN.PA,N/A,,N/A,,
2025-7-20,LNA.PA,N/A,,N/A,,
2025-7-20,MLLOI.PA,N/A,,N/A,,
2025-7-20,ALLOG.PA,N/A,,N/A,,
2025-7-20,MLCAC.PA,N/A,,N/A,,
2025-7-20,ALUCI.PA,N/A,,N/A,,
2025-7-20,LBIRD.PA,N/A,,N/A,,
2025-7-20,MC.PA,N/A,,N/A,,
2025-7-20,ALMII.PA,N/A,,N/A,,
2025-7-20,MAAT.PA,N/A,,N/A,,
2025-7-20,MLMAD.PA,N/A,,N/A,,
2025-7-20,MLMGL.PA,N/A,,N/A,,
2025-7-20,MLCLI.PA,N/A,,N/A,,
2025-7-20,MDM.PA,N/A,,N/A,,
2025-7-20,ALMKS.PA,N/A,,N/A,,
2025-7-20,MALT.PA,N/A,,N/A,,
2025-7-20,MTU.PA,N/A,,N/A,,
2025-7-20,ALMAR.PA,N/A,,N/A,,
2025-7-20,IAM.PA,N/A,,N/A,,
2025-7-20,ALMAS.PA,N/A,,N/A,,
2025-7-20,ALMKT.PA,N/A,,N/A,,
2025-7-20,MAU.PA,N/A,,N/A,,
2025-7-20,MBWS.PA,N/A,,N/A,,
2025-7-20,EDI.PA,N/A,,N/A,,
2025-7-20,MLLAB.PA,N/A,,N/A,,
2025-7-20,ALMDT.PA,N/A,,N/A,,
2025-7-20,MEDCL.PA,N/A,,N/A,,
2025-7-20,MEMS.PA,N/A,,N/A,,
2025-7-20,MERY.PA,N/A,,N/A,,
2025-7-20,MLMIV.PA,N/A,,N/A,,
2025-7-20,MRN.PA,N/A,,N/A,,
2025-7-20,ALTHO.PA,N/A,,N/A,,
2025-7-20,ALMET.PA,N/A,,N/A,,
2025-7-20,MLMIB.PA,N/A,,N/A,,
2025-7-20,MMT.PA,N/A,,N/A,,
2025-7-20,ALMEX.PA,N/A,,N/A,,
2025-7-20,ALMGI.PA,N/A,,N/A,,
2025-7-20,ALMDG.PA,N/A,,N/A,,
2025-7-20,ML.FR,N/A,,N/A,,
2025-7-20,MLNMA.PA,N/A,,N/A,,
2025-7-20,ALMLB.PA,N/A,,N/A,,
2025-7-20,ALMCE.PA,N/A,,N/A,,
2025-7-20,FMONC.PA,N/A,,N/A,,
2025-7-20,MLMTP.PA,N/A,,N/A,,
2025-7-20,ALMOU.PA,N/A,,N/A,,
2025-7-20,ALMRB.PA,N/A,,N/A,,
2025-7-20,ALMUN.PA,N/A,,N/A,,
2025-7-20,MHM.PA,N/A,,N/A,,
2025-7-20,NACON.PA,N/A,,N/A,,
2025-7-20,ALNMR.PA,N/A,,N/A,,
2025-7-20,NANO.PA,N/A,,N/A,,
2025-7-20,ALNLF.PA,N/A,,N/A,,
2025-7-20,ALNEV.PA,N/A,,N/A,,
2025-7-20,ALNTG.PA,N/A,,N/A,,
2025-7-20,ALNMG.PA,N/A,,N/A,,
2025-7-20,NRO.PA,N/A,,N/A,,
2025-7-20,NEX.PA,N/A,,N/A,,
2025-7-20,NXI.PA,N/A,,N/A,,
2025-7-20,ALNXT.PA,N/A,,N/A,,
2025-7-20,ALNFL.PA,N/A,,N/A,,
2025-7-20,ALCOX.PA,N/A,,N/A,,
2025-7-20,NOKIA.PA,N/A,,N/A,,
2025-7-20,ALNOV.PA,N/A,,N/A,,
2025-7-20,MLNOV.PA,N/A,,N/A,,
2025-7-20,NR21.PA,N/A,,N/A,,
2025-7-20,NRG.PA,N/A,,N/A,,
2025-7-20,ALNSC.PA,N/A,,N/A,,
2025-7-20,ALNSE.PA,N/A,,N/A,,
2025-7-20,ALOBR.PA,N/A,,N/A,,
2025-7-20,ALBIZ.PA,N/A,,N/A,,
2025-7-20,MLOCT.PA,N/A,,N/A,,
2025-7-20,SBT.PA,N/A,,N/A,,
2025-7-20,MLOKP.PA,N/A,,N/A,,
2025-7-20,ALODC.PA,N/A,,N/A,,
2025-7-20,ALOPM.PA,N/A,,N/A,,
2025-7-20,ALEXP.PA,N/A,,N/A,,
2025-7-20,MLONL.PA,N/A,,N/A,,
2025-7-20,ORA.PA,N/A,,N/A,,
2025-7-20,MLORB.PA,N/A,,N/A,,
2025-7-20,ALORD.PA,N/A,,N/A,,
2025-7-20,OREGE.PA,N/A,,N/A,,
2025-7-20,MLORQ.PA,N/A,,N/A,,
2025-7-20,OSE.PA,N/A,,N/A,,
2025-7-20,ALWTR.PA,N/A,,N/A,,
2025-7-20,OVH.PA,N/A,,N/A,,
2025-7-20,MLPAC.PA,N/A,,N/A,,
2025-7-20,PAR.PA,N/A,,N/A,,
2025-7-20,PARRO.PA,N/A,,N/A,,
2025-7-20,MLHOP.PA,N/A,,N/A,,
2025-7-20,MLPRX.PA,N/A,,N/A,,
2025-7-20,PSAT.PA,N/A,,N/A,,
2025-7-20,PAT.PA,N/A,,N/A,,
2025-7-20,ALPAU.PA,N/A,,N/A,,
2025-7-20,RI.PA,N/A,,N/A,,
2025-7-20,PERR.PA,N/A,,N/A,,
2025-7-20,MLPET.PA,N/A,,N/A,,
2025-7-20,PEUG.PA,N/A,,N/A,,
2025-7-20,PHXM.PA,N/A,,N/A,,
2025-7-20,MLPHW.PA,N/A,,N/A,,
2025-7-20,MLPHO.PA,N/A,,N/A,,
2025-7-20,VAC.PA,N/A,,N/A,,
2025-7-20,ALPDX.PA,N/A,,N/A,,
2025-7-20,MLPLC.PA,N/A,,N/A,,
2025-7-20,ALPAT.PA,N/A,,N/A,,
2025-7-20,PVL.PA,N/A,,N/A,,
2025-7-20,ALPJT.PA,N/A,,N/A,,
2025-7-20,ALPOU.PA,N/A,,N/A,,
2025-7-20,POXEL.PA,N/A,,N/A,,
2025-7-20,ALPM.PA,N/A,,N/A,,
2025-7-20,ALPRE.PA,N/A,,N/A,,
2025-7-20,ALPRI.PA,N/A,,N/A,,
2025-7-20,PROAC.PA,N/A,,N/A,,
2025-7-20,ALPRO.PA,N/A,,N/A,,
2025-7-20,PWG.PA,N/A,,N/A,,
2025-7-20,ALPRG.PA,N/A,,N/A,,
2025-7-20,PUB.PA,N/A,,N/A,,
2025-7-20,QDT.PA,N/A,,N/A,,
2025-7-20,ALQGC.PA,N/A,,N/A,,
2025-7-20,ALQWA.PA,N/A,,N/A,,
2025-7-20,ALRFG.PA,N/A,,N/A,,
2025-7-20,GDS.PA,N/A,,N/A,,
2025-7-20,ALRPD.PA,N/A,,N/A,,
2025-7-20,ALREA.PA,N/A,,N/A,,
2025-7-20,RCO.PA,N/A,,N/A,,
2025-7-20,RNO.PA,N/A,,N/A,,
2025-7-20,MLJDL.PA,N/A,,N/A,,
2025-7-20,ALREW.PA,N/A,,N/A,,
2025-7-20,RXL.PA,N/A,,N/A,,
2025-7-20,ALRIB.PA,N/A,,N/A,,
2025-7-20,RBT.PA,N/A,,N/A,,
2025-7-20,CBE.PA,N/A,,N/A,,
2025-7-20,RBO.PA,N/A,,N/A,,
2025-7-20,ALROC.PA,N/A,,N/A,,
2025-7-20,ALRGR.PA,N/A,,N/A,,
2025-7-20,RUI.PA,N/A,,N/A,,
2025-7-20,SK.PA,N/A,,N/A,,
2025-7-20,ALSAF.PA,N/A,,N/A,,
2025-7-20,SAF.PA,N/A,,N/A,,
2025-7-20,MLSAG.PA,N/A,,N/A,,
2025-7-20,SGO.PA,N/A,,N/A,,
2025-7-20,SABE.PA,N/A,,N/A,,
2025-7-20,SAMS.PA,N/A,,N/A,,
2025-7-20,SAN.PA,N/A,,N/A,,
2025-7-20,ALMER.PA,N/A,,N/A,,
2025-7-20,DIM.PA,N/A,,N/A,,
2025-7-20,SAVE.PA,N/A,,N/A,,
2025-7-20,MLSDN.PA,N/A,,N/A,,
2025-7-20,CBSM.PA,N/A,,N/A,,
2025-7-20,MLCMI.PA,N/A,,N/A,,
2025-7-20,SU.PA,N/A,,N/A,,
2025-7-20,MLSCI.PA,N/A,,N/A,,
2025-7-20,SCR.PA,N/A,,N/A,,
2025-7-20,SCHP.PA,N/A,,N/A,,
2025-7-20,SELER.PA,N/A,,N/A,,
2025-7-20,ALSEN.PA,N/A,,N/A,,
2025-7-20,MLSEQ.PA,N/A,,N/A,,
2025-7-20,SEFER.PA,N/A,,N/A,,
2025-7-20,SESG.PA,N/A,,N/A,,
2025-7-20,SRP.PA,N/A,,N/A,,
2025-7-20,ALBFR.PA,N/A,,N/A,,
2025-7-20,ALGIR.PA,N/A,,N/A,,
2025-7-20,ALSRS.PA,N/A,,N/A,,
2025-7-20,ALSMA.PA,N/A,,N/A,,
2025-7-20,MLSML.PA,N/A,,N/A,,
2025-7-20,MLSGT.PA,N/A,,N/A,,
2025-7-20,SMCP.PA,N/A,,N/A,,
2025-7-20,ALTPC.PA,N/A,,N/A,,
2025-7-20,SFCA.PA,N/A,,N/A,,
2025-7-20,GLE.PA,N/A,,N/A,,
2025-7-20,SW.PA,N/A,,N/A,,
2025-7-20,SEC.PA,N/A,,N/A,,
2025-7-20,ALSOG.PA,N/A,,N/A,,
2025-7-20,SOI.PA,N/A,,N/A,,
2025-7-20,LOCAL.PA,N/A,,N/A,,
2025-7-20,S30.PA,N/A,,N/A,,
2025-7-20,SOP.PA,N/A,,N/A,,
2025-7-20,ALSPT.PA,N/A,,N/A,,
2025-7-20,MLSRP.PA,N/A,,N/A,,
2025-7-20,SPIE.PA,N/A,,N/A,,
2025-7-20,ALSGD.PA,N/A,,N/A,,
2025-7-20,ALSPW.PA,N/A,,N/A,,
2025-7-20,DPT.PA,N/A,,N/A,,
2025-7-20,STF.PA,N/A,,N/A,,
2025-7-20,STLAP.PA,N/A,,N/A,,
2025-7-20,ALSTI.PA,N/A,,N/A,,
2025-7-20,STMPA.PA,N/A,,N/A,,
2025-7-20,ALSAS.PA,N/A,,N/A,,
2025-7-20,ALSTW.PA,N/A,,N/A,,
2025-7-20,MLSTR.PA,N/A,,N/A,,
2025-7-20,MLSUM.PA,N/A,,N/A,,
2025-7-20,SWP.PA,N/A,,N/A,,
2025-7-20,SDG.PA,N/A,,N/A,,
2025-7-20,TKTT.PA,N/A,,N/A,,
2025-7-20,ALTTU.PA,N/A,,N/A,,
2025-7-20,TAYN.PA,N/A,,N/A,,
2025-7-20,TE.PA,N/A,,N/A,,
2025-7-20,TEP.PA,N/A,,N/A,,
2025-7-20,TVRB.PA,N/A,,N/A,,
2025-7-20,MLVST.PA,N/A,,N/A,,
2025-7-20,TRACT.PA,N/A,,N/A,,
2025-7-20,TFI.PA,N/A,,N/A,,
2025-7-20,TFF.PA,N/A,,N/A,,
2025-7-20,HO.PA,N/A,,N/A,,
2025-7-20,MLAZR.PA,N/A,,N/A,,
2025-7-20,ALTBG.PA,N/A,,N/A,,
2025-7-20,ALTHE.PA,N/A,,N/A,,
2025-7-20,ALTHX.PA,N/A,,N/A,,
2025-7-20,THEP.PA,N/A,,N/A,,
2025-7-20,TKO.PA,N/A,,N/A,,
2025-7-20,ALTME.PA,N/A,,N/A,,
2025-7-20,ALTD.PA,N/A,,N/A,,
2025-7-20,ALTOO.PA,N/A,,N/A,,
2025-7-20,TTE.PA,N/A,,N/A,,
2025-7-20,EC.PA,N/A,,N/A,,
2025-7-20,TOUP.PA,N/A,,N/A,,
2025-7-20,EIFF.PA,N/A,,N/A,,
2025-7-20,TNG.PA,N/A,,N/A,,
2025-7-20,TRI.PA,N/A,,N/A,,
2025-7-20,ALTRI.PA,N/A,,N/A,,
2025-7-20,MLTRO.PA,N/A,,N/A,,
2025-7-20,ALTRO.PA,N/A,,N/A,,
2025-7-20,ALTXC.PA,N/A,,N/A,,
2025-7-20,ALU10.PA,N/A,,N/A,,
2025-7-20,UBI.PA,N/A,,N/A,,
2025-7-20,MLUMG.PA,N/A,,N/A,,
2025-7-20,URW.PA,N/A,,N/A,,
2025-7-20,UNBL.PA,N/A,,N/A,,
2025-7-20,FPG.PA,N/A,,N/A,,
2025-7-20,ALUNT.PA,N/A,,N/A,,
2025-7-20,ALUPG.PA,N/A,,N/A,,
2025-7-20,ALUVI.PA,N/A,,N/A,,
2025-7-20,ALVAL.PA,N/A,,N/A,,
2025-7-20,FR.PA,N/A,,N/A,,
2025-7-20,ALVIO.PA,N/A,,N/A,,
2025-7-20,VK.PA,N/A,,N/A,,
2025-7-20,VLA.PA,N/A,,N/A,,
2025-7-20,MLVRE.PA,N/A,,N/A,,
2025-7-20,VANTI.PA,N/A,,N/A,,
2025-7-20,ALVU.PA,N/A,,N/A,,
2025-7-20,VIE.PA,N/A,,N/A,,
2025-7-20,ALVG.PA,N/A,,N/A,,
2025-7-20,VRLA.PA,N/A,,N/A,,
2025-7-20,ALVER.PA,N/A,,N/A,,
2025-7-20,VMX.PA,N/A,,N/A,,
2025-7-20,MLVER.PA,N/A,,N/A,,
2025-7-20,MLVSY.PA,N/A,,N/A,,
2025-7-20,VETO.PA,N/A,,N/A,,
2025-7-20,ALVIA.PA,N/A,,N/A,,
2025-7-20,VCT.PA,N/A,,N/A,,
2025-7-20,VIL.PA,N/A,,N/A,,
2025-7-20,DG.PA,N/A,,N/A,,
2025-7-20,ALVIN.PA,N/A,,N/A,,
2025-7-20,VIRP.PA,N/A,,N/A,,
2025-7-20,MLVIR.PA,N/A,,N/A,,
2025-7-20,VTR.PA,N/A,,N/A,,
2025-7-20,VIV.PA,N/A,,N/A,,
2025-7-20,ALVGO.PA,N/A,,N/A,,
2025-7-20,VLTSA.PA,N/A,,N/A,,
2025-7-20,ALVDM.PA,N/A,,N/A,,
2025-7-20,VRAP.PA,N/A,,N/A,,
2025-7-20,MLVRF.PA,N/A,,N/A,,
2025-7-20,WAGA.PA,N/A,,N/A,,
2025-7-20,ALLIX.PA,N/A,,N/A,,
2025-7-20,WAVE.PA,N/A,,N/A,,
2025-7-20,ALWEC.PA,N/A,,N/A,,
2025-7-20,MLWEA.PA,N/A,,N/A,,
2025-7-20,MF.PA,N/A,,N/A,,
2025-7-20,MLWEY.PA,N/A,,N/A,,
2025-7-20,ALWF.PA,N/A,,N/A,,
2025-7-20,ALWIT.PA,N/A,,N/A,,
2025-7-20,WLN.PA,N/A,,N/A,,
2025-7-20,XFAB.PA,N/A,,N/A,,
2025-7-20,XIL.PA,N/A,,N/A,,
2025-7-20,MLZAM.PA,N/A,,N/A,,
2025-7-21,CGM.PA,0,50,75,,
2025-7-21,ALCLS.PA,35,100,50,,
2025-7-21,ALPCV.PA,0,0,25,,
2025-7-21,CFI.PA,75,50,75,,
2025-7-21,MLCFM.PA,100,100,25,,
2025-7-21,MLCFD.PA,85,50,25,,
2025-7-21,CRI.PA,35,100,25,,
2025-7-21,ALCWE.PA,35,50,75,,
2025-7-21,CHSR.PA,45,50,50,,
2025-7-21,MLCHE.PA,15,100,50,,
2025-7-21,CDI.PA,0,50,50,,
2025-7-21,ALCBX.PA,0,0,0,,
2025-7-21,MLCMB.PA,100,50,25,,
2025-7-21,CLA.PA,75,50,50,,
2025-7-21,CLARI.PA,100,25,75,,
2025-7-21,MLCMG.PA,0,0,75,,
2025-7-21,COFA.PA,65,100,50,,
2025-7-21,ALCOF.PA,0,50,75,,
2025-7-21,ALLEC.PA,100,50,25,,
2025-7-21,ALCOG.PA,0,75,50,,
2025-7-21,COH.PA,25,50,50,,
2025-7-21,ALCOI.PA,0,0,75,,
2025-7-21,MLCLP.PA,65,100,0,,
2025-7-21,ODET.PA,35,50,25,,
2025-7-21,MLLCB.PA,100,0,100,,
2025-7-21,MLCOE.PA,0,0,0,,
2025-7-21,MLCOT.PA,100,0,50,,
2025-7-21,COTY.PA,0,100,50,,
2025-7-21,MLCOU.PA,35,0,75,,
2025-7-21,COUR.PA,15,0,75,,
2025-7-21,COV.PA,85,50,25,,
2025-7-21,COVH.PA,100,100,25,,
2025-7-21,CRAP.PA,100,50,25,,
2025-7-21,CRAV.PA,100,100,25,,
2025-7-21,CRBP2.PA,85,0,50,,
2025-7-21,CIV.PA,100,100,25,,
2025-7-21,CRLA.PA,100,100,25,,
2025-7-21,CRLO.PA,85,100,25,,
2025-7-21,CMO.PA,100,100,0,,
2025-7-21,CNDF.PA,100,100,25,,
2025-7-21,CCN.PA,85,100,50,,
2025-7-21,CAF.PA,100,50,25,,
2025-7-21,CRSU.PA,85,100,50,,
2025-7-21,CRTO.PA,100,50,25,,
2025-7-21,ACA.PA,65,75,50,,
2025-7-21,ALCJ.PA,20,0,50,,
2025-7-21,CROS.PA,80,100,25,,
2025-7-21,ALCYB.PA,N/A,,N/A,,
2025-7-21,ALDLS.PA,15,50,50,,
2025-7-21,MLDAM.PA,0,50,50,,
2025-7-21,BN.PA,65,50,50,,
2025-7-21,ALDAR.PA,15,0,75,,
2025-7-21,DSY.PA,0,100,25,,
2025-7-21,AM.PA,75,50,75,,
2025-7-21,ALDBT.PA,0,75,50,,
2025-7-21,DBV.PA,100,25,50,,
2025-7-21,DEEZR.PA,0,50,50,,
2025-7-21,ALDEL.PA,100,25,50,,
2025-7-21,DKUPL.PA,0,75,25,,
2025-7-21,ALDLT.PA,35,100,25,,
2025-7-21,DBG.PA,75,50,50,,
2025-7-21,ALDEV.PA,55.00000000000001,0,75,,
2025-7-21,ALDMS.PA,100,25,25,,
2025-7-21,ALDNX.PA,75,0,50,,
2025-7-21,DPAM.PA,100,0,50,,
2025-7-21,ALDOL.PA,15,50,75,,
2025-7-21,ALDNE.PA,20,50,75,,
2025-7-21,ALDRV.PA,100,25,50,,
2025-7-21,MLDYN.PA,0,50,25,,
2025-7-21,ALAGO.PA,65,0,75,,
2025-7-21,MLDYX.PA,0,0,50,,
2025-7-21,ALECO.PA,65,100,50,,
2025-7-21,MLEDR.PA,0,25,50,,
2025-7-21,ALESA.PA,85,100,25,,
2025-7-21,EDEN.PA,0,0,50,,
2025-7-21,ALEAC.PA,0,50,50,,
2025-7-21,MLEDS.PA,15,0,50,,
2025-7-21,MLEFA.PA,55.00000000000001,25,50,,
2025-7-21,MLEDU.PA,0,0,50,,
2025-7-21,ALGID.PA,80,50,50,,
2025-7-21,FGR.PA,85,50,50,,
2025-7-21,EKI.PA,100,0,50,,
2025-7-21,ELEC.PA,85,50,50,,
2025-7-21,EEM.PA,15,50,75,,
2025-7-21,ELIOR.PA,10,50,50,,
2025-7-21,ELIS.PA,100,50,25,,
2025-7-21,MLERH.PA,0,0,50,,
2025-7-21,MLUAV.PA,100,100,25,,
2025-7-21,ALEMV.PA,0,50,50,,
2025-7-21,ALDUB.PA,35,50,75,,
2025-7-21,ALNN6.PA,90,100,25,,
2025-7-21,ALNRG.PA,0,0,0,,
2025-7-21,ALENO.PA,100,100,0,,
2025-7-21,ENGI.PA,100,25,75,,
2025-7-21,ALESE.PA,65,100,50,,
2025-7-21,ALENT.PA,100,50,25,,
2025-7-21,ALENR.PA,65,50,50,,
2025-7-21,ALEO2.PA,0,50,75,,
2025-7-21,EQS.PA,85,50,25,,
2025-7-21,ERA.PA,0,100,0,,
2025-7-21,EL.PA,15,100,50,,
2025-7-21,ES.PA,75,0,75,,
2025-7-21,EFI.PA,0,0,50,,
2025-7-21,RF.PA,0,100,25,,
2025-7-21,ALEUA.PA,0,0,25,,
2025-7-21,EAPI.PA,35,0,75,,
2025-7-21,ALERS.PA,35,0,75,,
2025-7-21,ALECR.PA,15,0,75,,
2025-7-21,MLERO.PA,N/A,,N/A,,
2025-7-21,ERF.PA,100,50,25,,
2025-7-21,ALEMG.PA,65,25,50,,
2025-7-21,MLCAN.PA,0,0,0,,
2025-7-21,ENX.PA,100,100,25,,
2025-7-21,ALECP.PA,90,100,50,,
2025-7-21,ALEUP.PA,0,0,100,,
2025-7-21,ETL.PA,80,50,50,,
2025-7-21,EGR.PA,0,0,25,,
2025-7-21,ALEXA.PA,85,50,75,,
2025-7-21,EXE.PA,65,50,50,,
2025-7-21,EXA.PA,100,50,25,,
2025-7-21,EXPL.PA,80,50,50,,
2025-7-21,ALPHI.PA,100,0,75,,
2025-7-21,MLECE.PA,0,0,0,,
2025-7-21,ALFBA.PA,0,0,100,,
2025-7-21,FAYE.PA,N/A,,N/A,,
2025-7-21,FDJU.PA,70,0,75,,
2025-7-21,MLFDV.PA,100,0,75,,
2025-7-21,FCMC.PA,70,0,50,,
2025-7-21,SACI.PA,0,0,75,,
2025-7-21,ORIA.PA,0,75,25,,
2025-7-21,FGA.PA,100,25,50,,
2025-7-21,ALFUM.PA,100,50,25,,
2025-7-21,FOAF.PA,100,0,50,,
2025-7-21,FINM.PA,70,100,25,,
2025-7-21,MLFXO.PA,100,50,50,,
2025-7-21,FIPP.PA,0,0,25,,
2025-7-21,MLFIR.PA,100,25,25,,
2025-7-21,ALFLO.PA,0,50,100,,
2025-7-21,ALFLE.PA,85,50,50,,
2025-7-21,FNAC.PA,100,25,50,,
2025-7-21,MLFNP.PA,0,0,75,,
2025-7-21,LEBL.PA,0,0,75,,
2025-7-21,INEA.PA,75,50,75,,
2025-7-21,FLY.PA,90,25,50,,
2025-7-21,MLVIN.PA,75,75,50,,
2025-7-21,SPEL.PA,65,100,50,,
2025-7-21,FORE.PA,0,50,75,,
2025-7-21,FORSE.PA,0,50,25,,
2025-7-21,FRVIA.PA,85,50,25,,
2025-7-21,ALFPC.PA,85,50,50,,
2025-7-21,FDE.PA,100,50,50,,
2025-7-21,MLFTI.PA,0,0,0,,
2025-7-21,ALFRE.PA,0,0,25,,
2025-7-21,FREY.PA,85,0,50,,
2025-7-21,MLGAI.PA,100,25,50,,
2025-7-21,MLGAL.PA,80,100,50,,
2025-7-21,ALBI.PA,20,0,50,,
2025-7-21,GAM.PA,0,50,75,,
2025-7-21,GEA.PA,100,25,75,,
2025-7-21,ALGEC.PA,65,75,50,,
2025-7-21,GNE.PA,N/A,,N/A,,
2025-7-21,GFC.PA,40,50,50,,
2025-7-21,GNRO.PA,0,50,75,,
2025-7-21,GNFT.PA,10,75,50,,
2025-7-21,ALGEN.PA,20,0,75,,
2025-7-21,SIGHT.PA,0,50,75,,
2025-7-21,MLGEQ.PA,0,0,0,,
2025-7-21,GET.PA,75,50,75,,
2025-7-21,ALGEV.PA,35,100,25,,
2025-7-21,GLO.PA,100,25,50,,
2025-7-21,ALGBE.PA,0,75,75,,
2025-7-21,MLNDG.PA,0,0,0,,
2025-7-21,GPE.PA,10,50,75,,
2025-7-21,ALGLD.PA,0,50,50,,
2025-7-21,GRVO.PA,25,50,50,,
2025-7-21,ALGRO.PA,0,75,50,,
2025-7-21,MLGRC.PA,0,0,75,,
2025-7-21,CEN.PA,85,50,50,,
2025-7-21,ALGIL.PA,85,75,25,,
2025-7-21,GJAJ.PA,80,50,50,,
2025-7-21,ALLDL.PA,0,100,25,,
2025-7-21,ALOKW.PA,35,25,75,,
2025-7-21,PARP.PA,65,50,50,,
2025-7-21,ALGTR.PA,100,50,0,,
2025-7-21,SFPI.PA,100,50,25,,
2025-7-21,GTT.PA,100,25,50,,
2025-7-21,ALIMO.PA,65,50,50,,
2025-7-21,GBT.PA,25,25,75,,
2025-7-21,GUI.PA,15,25,50,,
2025-7-21,ALHAF.PA,0,0,75,,
2025-7-21,ALHGO.PA,45,75,50,,
2025-7-21,PIG.PA,0,100,50,,
2025-7-21,HDF.PA,15,50,75,,
2025-7-21,MLHAY.PA,0,0,0,,
2025-7-21,ALHRG.PA,10,75,50,,
2025-7-21,RMS.PA,35,50,50,,
2025-7-21,ALHEX.PA,100,0,75,,
2025-7-21,ALHF.PA,75,50,50,,
2025-7-21,HCO.PA,100,50,25,,
2025-7-21,ALHYP.PA,100,50,50,,
2025-7-21,ALHIT.PA,100,50,25,,
2025-7-21,MLHK.PA,15,0,75,,
2025-7-21,MLHBB.PA,15,50,50,,
2025-7-21,ALHGR.PA,25,50,50,,
2025-7-21,MLHPE.PA,25,50,50,,
2025-7-21,MLHMC.PA,0,0,50,,
2025-7-21,ALHOP.PA,30,50,75,,
2025-7-21,MLHOT.PA,75,0,50,,
2025-7-21,MLHBP.PA,100,50,25,,
2025-7-21,HDP.PA,100,100,25,,
2025-7-21,MLHIN.PA,85,25,50,,
2025-7-21,ALHUN.PA,15,75,25,,
2025-7-21,MLHYD.PA,85,0,100,,
2025-7-21,MLHYE.PA,15,50,50,,
2025-7-21,ALHRS.PA,0,0,75,,
2025-7-21,ALI2S.PA,0,75,50,,
2025-7-21,ICAD.PA,40,50,50,,
2025-7-21,ALICA.PA,10,75,50,,
2025-7-21,IDL.PA,100,100,25,,
2025-7-21,IDIP.PA,100,50,25,,
2025-7-21,MLIDS.PA,85,25,25,,
2025-7-21,ALIKO.PA,85,50,75,,
2025-7-21,MLIML.PA,25,25,50,,
2025-7-21,NK.PA,15,0,75,,
2025-7-21,MLIPP.PA,85,25,50,,
2025-7-21,ALIMR.PA,0,0,50,,
2025-7-21,IMDA.PA,100,50,50,,
2025-7-21,ALIMP.PA,55.00000000000001,100,25,,
2025-7-21,MLIMP.PA,0,50,50,,
2025-7-21,MLIFS.PA,0,0,50,,
2025-7-21,INFE.PA,85,0,75,,
2025-7-21,MLIFC.PA,0,0,50,,
2025-7-21,INF.PA,15,50,75,,
2025-7-21,MLINM.PA,0,0,0,,
2025-7-21,MLISP.PA,0,0,0,,
2025-7-21,IPH.PA,15,75,25,,
2025-7-21,MLIRF.PA,100,50,25,,
2025-7-21,ALINN.PA,85,0,75,,
2025-7-21,ALINT.PA,0,50,50,,
2025-7-21,ALLUX.PA,35,0,75,,
2025-7-21,ITP.PA,15,25,50,,
2025-7-21,ITXT.PA,0,0,75,,
2025-7-21,ALINS.PA,85,0,75,,
2025-7-21,IVA.PA,65,75,50,,
2025-7-21,MLIPO.PA,0,0,0,,
2025-7-21,ALINV.PA,0,100,50,,
2025-7-21,IPN.PA,15,100,25,,
2025-7-21,IPS.PA,10,0,75,,
2025-7-21,ALISP.PA,0,75,25,,
2025-7-21,ALITL.PA,85,50,50,,
2025-7-21,JCQ.PA,100,50,25,,
2025-7-21,JBOG.PA,0,0,75,,
2025-7-21,DEC.PA,0,0,50,,
2025-7-21,MLJ21.PA,85,0,50,,
2025-7-21,ALKAL.PA,15,100,25,,
2025-7-21,KOF.PA,30,0,75,,
2025-7-21,KER.PA,15,50,50,,
2025-7-21,ALKLK.PA,100,50,50,,
2025-7-21,ALKEY.PA,65,25,50,,
2025-7-21,ALKKO.PA,15,0,100,,
2025-7-21,ALKLA.PA,35,0,100,,
2025-7-21,LI.PA,85,50,50,,
2025-7-21,ALKOM.PA,65,0,50,,
2025-7-21,ALVAP.PA,20,50,50,,
2025-7-21,OR.PA,85,0,50,,
2025-7-21,LACR.PA,25,25,50,,
2025-7-21,MMB.PA,85,25,75,,
2025-7-21,ALLAN.PA,100,0,50,,
2025-7-21,ALLGO.PA,65,50,50,,
2025-7-21,LAT.PA,0,0,0,,
2025-7-21,LPE.PA,0,0,50,,
2025-7-21,LOUP.PA,100,50,50,,
2025-7-21,ALBON.PA,35,50,50,,
2025-7-21,LSS.PA,15,50,50,,
2025-7-21,ALLPL.PA,0,50,75,,
2025-7-21,LR.PA,100,100,0,,
2025-7-21,ALLHB.PA,65,75,50,,
2025-7-21,ALLEX.PA,90,25,50,,
2025-7-21,LHYFE.PA,70,25,50,,
2025-7-21,LIN.PA,20,0,75,,
2025-7-21,FII.PA,100,50,50,,
2025-7-21,ALLAM.PA,45,50,50,,
2025-7-21,ALLLN.PA,85,0,50,,
2025-7-21,LNA.PA,100,25,50,,
2025-7-21,MLLOI.PA,75,50,50,,
2025-7-21,ALLOG.PA,100,25,75,,
2025-7-21,MLCAC.PA,45,50,50,,
2025-7-21,ALUCI.PA,0,0,50,,
2025-7-21,LBIRD.PA,100,25,50,,
2025-7-21,MC.PA,0,50,50,,
2025-7-21,ALMII.PA,65,0,75,,
2025-7-21,MAAT.PA,0,50,75,,
2025-7-21,MLMAD.PA,100,0,50,,
2025-7-21,MLMGL.PA,35,100,0,,
2025-7-21,MLCLI.PA,0,0,75,,
2025-7-21,ALMKS.PA,100,0,25,,
2025-7-21,MDM.PA,0,50,50,,
2025-7-21,MALT.PA,85,0,50,,
2025-7-21,MTU.PA,85,100,25,,
2025-7-21,ALMAR.PA,100,100,0,,
2025-7-21,IAM.PA,100,50,50,,
2025-7-21,ALMAS.PA,0,0,0,,
2025-7-21,ALMKT.PA,15,0,75,,
2025-7-21,MBWS.PA,0,50,75,,
2025-7-21,MAU.PA,25,25,50,,
2025-7-21,EDI.PA,0,100,0,,
2025-7-21,MLLAB.PA,100,100,25,,
2025-7-21,ALMDT.PA,0,100,50,,
2025-7-21,MEDCL.PA,85,0,75,,
2025-7-21,AL2SI.PA,100,100,25,62.25,
2025-7-21,ABCA.PA,N/A,,N/A,NaN,
2025-7-21,ABEO.PA,35,25,50,42.75,
2025-7-21,ABNX.PA,0,0,25,15,
2025-7-21,ABVX.PA,65,100,25,48.5,
2025-7-21,ABLD.PA,65,100,25,50.25,
2025-7-21,ACAN.PA,55.00000000000001,0,50,45.25,
2025-7-21,AC.PA,85,100,25,55.75,
2025-7-21,ALALO.PA,N/A,,N/A,NaN,
2025-7-21,EOS.PA,100,25,50,66.25,
2025-7-21,ALATI.PA,100,50,25,56.25,
2025-7-21,MLACT.PA,0,50,50,32.5,
2025-7-21,ALDV.PA,70,0,75,NaN,
2025-7-21,ALARF.PA,85,100,25,62,
2025-7-21,ALADO.PA,0,50,100,55.75,
2025-7-21,ADOC.PA,0,100,25,31,
2025-7-21,ADP.PA,40,75,25,41,
2025-7-21,ALDVI.PA,0,50,75,41,
2025-7-21,ALAVI.PA,10,50,50,42.75,
2025-7-21,AELIS.PA,0,0,100,44.25,
2025-7-21,AKOM.PA,0,0,75,NaN,
2025-7-21,AFME.PA,0,0,75,31.5,
2025-7-21,MLAGI.PA,15,50,50,50.25,
2025-7-21,ALAFY.PA,85,0,75,68.25,
2025-7-21,MLAA.PA,25,0,25,NaN,
2025-7-21,ALAGP.PA,100,50,50,65.5,
2025-7-21,ALAGR.PA,15,0,100,44.75,
2025-7-21,AF.PA,100,50,25,50.75,
2025-7-21,AI.PA,75,50,75,68.5,
2025-7-21,ALAIR.PA,35,50,50,42.5,
2025-7-21,AIR.PA,100,50,25,57,
2025-7-21,AKW.PA,65,25,50,52.75,
2025-7-21,AAA.PA,0,75,50,34.5,
2025-7-21,ALCHI.PA,0,50,50,NaN,
2025-7-21,CDA.PA,100,25,50,63.75,
2025-7-21,ALO.PA,15,100,0,30,
2025-7-21,ALTA.PA,45,50,50,50.5,
2025-7-21,AREIT.PA,100,25,50,76.25,
2025-7-21,ATE.PA,15,50,50,35.75,
2025-7-21,ALORA.PA,85,50,50,63,
2025-7-21,MLALV.PA,65,0,100,NaN,
2025-7-21,ALAMA.PA,100,50,25,55.75,
2025-7-21,MLAAH.PA,0,0,100,37.75,
2025-7-21,ALMIB.PA,75,50,50,57.25,
2025-7-21,AMPLI.PA,85,0,50,53.75,
2025-7-21,AMUN.PA,75,100,25,55,
2025-7-21,ANTIN.PA,85,50,50,60.25,
2025-7-21,MLASO.PA,0,0,0,NaN,
2025-7-21,ALAQU.PA,85,75,50,66,
2025-7-21,ARAMI.PA,15,0,75,45,
2025-7-21,ALJXR.PA,100,0,75,66.25,
2025-7-21,ALCUR.PA,10,0,75,40.75,
2025-7-21,MLARD.PA,0,75,50,NaN,
2025-7-21,MLARE.PA,0,0,0,NaN,
2025-7-21,MLARI.PA,0,0,0,NaN,
2025-7-21,ARG.PA,65,50,50,58.5,
2025-7-21,AKE.PA,0,50,50,32.25,
2025-7-21,ARTE.PA,100,25,50,62.25,
2025-7-21,PRC.PA,85,25,50,57.75,
2025-7-21,ARTO.PA,15,100,25,30.5,
2025-7-21,ARVEN.PA,100,50,50,63.75,
2025-7-21,MLAEM.PA,100,50,50,NaN,
2025-7-21,ASY.PA,85,50,25,52.75,
2025-7-21,MLAST.PA,0,0,0,NaN,
2025-7-21,ALATA.PA,85,0,100,74.25,
2025-7-21,ATEME.PA,65,50,50,51.25,
2025-7-21,ATLD.PA,85,50,75,72.5,
2025-7-21,ATO.PA,0,50,50,40.75,
2025-7-21,AUB.PA,100,50,50,66.75,
2025-7-21,ALAUD.PA,85,0,50,56.25,
2025-7-21,AUGR.PA,90,0,50,69,
2025-7-21,ALAMG.PA,0,0,0,NaN,
2025-7-21,AURE.PA,65,50,50,53.25,
2025-7-21,AVT.PA,0,0,0,10.5,
2025-7-21,MLAAT.PA,0,0,25,NaN,
2025-7-21,CS.PA,85,100,50,69,
2025-7-21,ALBKK.PA,100,50,50,67.75,
2025-7-21,BAIN.PA,35,100,25,42.25,
2025-7-21,BALYO.PA,100,50,50,67,
2025-7-21,BUI.PA,35,0,75,56,
2025-7-21,MLBAR.PA,0,0,0,NaN,
2025-7-21,BASS.PA,100,100,25,67.25,
2025-7-21,BLC.PA,100,25,50,63.75,
2025-7-21,MLBBO.PA,0,0,75,NaN,
2025-7-21,ALBDM.PA,100,25,75,71.75,
2025-7-21,BLV.PA,100,25,25,52,
2025-7-21,BEN.PA,0,100,50,37,
2025-7-21,ALDBL.PA,0,50,50,35.5,
2025-7-21,BB.PA,0,75,50,34.5,
2025-7-21,BIG.PA,65,50,50,50.75,
2025-7-21,ALBLD.PA,100,25,50,61.5,
2025-7-21,ALTUV.PA,40,100,25,43.75,
2025-7-21,BIM.PA,85,0,50,53.25,
2025-7-21,ALBPS.PA,0,0,25,8.5,
2025-7-21,ALBIO.PA,0,100,50,36.75,
2025-7-21,BLEE.PA,0,50,50,39.25,
2025-7-21,MLBSP.PA,20,0,75,NaN,
2025-7-21,ALBLU.PA,0,50,100,50.25,
2025-7-21,BNP.PA,85,100,50,68.25,
2025-7-21,ALBOA.PA,90,0,75,65.75,
2025-7-21,MLONE.PA,0,0,75,NaN,
2025-7-21,BOI.PA,0,50,75,40,
2025-7-21,BOL.PA,0,75,25,29.75,
2025-7-21,BON.PA,100,0,50,61.5,
2025-7-21,MLBON.PA,0,50,50,45,
2025-7-21,ALBOU.PA,85,0,75,63.25,
2025-7-21,ALBOO.PA,0,0,0,12.5,
2025-7-21,BSD.PA,15,25,50,33.25,
2025-7-21,EN.PA,100,50,50,66.25,
2025-7-21,ALBPK.PA,100,25,75,73,
2025-7-21,BUR.PA,100,50,25,59,
2025-7-21,BVI.PA,30,50,50,47.75,
2025-7-21,CAT31.PA,100,100,0,54,
2025-7-21,ALCAB.PA,0,50,75,49.75,
2025-7-21,CAFO.PA,N/A,,N/A,NaN,
2025-7-21,CBDG.PA,0,75,50,33.5,
2025-7-21,ALCAP.PA,0,0,75,NaN,
2025-7-21,CAP.PA,10,0,75,37.75,
2025-7-21,ALCRB.PA,35,0,75,45.75,
2025-7-21,ALCAR.PA,0,50,50,32.25,
2025-7-21,CARM.PA,35,75,25,40.75,
2025-7-21,CA.PA,0,50,50,30.5,
2025-7-21,CO.PA,0,0,50,22,
2025-7-21,ALCIS.PA,85,0,75,68,
2025-7-21,ALCBI.PA,100,0,75,72,
2025-7-21,CBOT.PA,45,50,25,37.75,
2025-7-22,AL2SI.PA,100,100,25,24,62.25
2025-7-22,AL2SI.PA,100,100,25,24,62.25
2025-7-22,ABCA.PA,100,50,50,52,68
2025-7-22,AB.PA,90,0,75,62,65.75
2025-7-22,ABEO.PA,35,25,50,57,42.75
2025-7-22,ABNX.PA,0,0,25,35,15
2025-7-22,ABVX.PA,65,100,0,18,42.25
2025-7-22,ABLD.PA,65,100,25,25,50.25
2025-7-22,ACAN.PA,55.00000000000001,0,50,54,45.25
2025-7-22,AC.PA,85,100,25,19,55.75
2025-7-22,ALALO.PA,N/A,,N/A,NaN,NaN
2025-7-22,EOS.PA,100,0,75,60,68.75
2025-7-22,ALATI.PA,100,50,25,30,56.25
2025-7-22,MLACT.PA,0,50,50,50,32.5
2025-7-22,ALDV.PA,70,0,75,NaN,NaN
2025-7-22,ALARF.PA,85,100,25,44,62
2025-7-22,ADOC.PA,0,100,25,39,31
2025-7-22,ALADO.PA,0,50,100,93,55.75
2025-7-22,ADP.PA,40,75,25,38,41
2025-7-22,ALDVI.PA,0,50,75,59,41
2025-7-22,ALAVI.PA,10,50,50,77,42.75
2025-7-22,AELIS.PA,0,0,100,77,44.25
2025-7-22,AKOM.PA,0,0,75,NaN,NaN
2025-7-22,ALAFY.PA,85,0,75,79,68.25
2025-7-22,AFME.PA,0,0,75,51,31.5
2025-7-22,MLAGI.PA,15,50,50,100,50.25
2025-7-22,MLAA.PA,25,0,25,NaN,NaN
2025-7-22,ALAGP.PA,100,50,50,42,65.5
2025-7-22,ALAGR.PA,15,0,100,58,44.75
2025-7-22,AF.PA,100,50,25,8,50.75
2025-7-22,AI.PA,75,50,75,64,68.5
2025-7-22,AIR.PA,100,50,25,33,57
2025-7-22,ALAIR.PA,35,50,50,41,42.5
2025-7-22,AKW.PA,65,25,50,55,52.75
2025-7-22,AAA.PA,0,75,50,43,34.5
2025-7-22,ALCHI.PA,0,50,50,NaN,NaN
2025-7-22,ALO.PA,15,100,25,39,36.25
2025-7-22,CDA.PA,100,25,50,50,63.75
2025-7-22,ALTA.PA,45,50,50,59,50.5
2025-7-22,AREIT.PA,100,25,50,100,76.25
2025-7-22,ATE.PA,15,50,50,42,35.75
2025-7-22,ALORA.PA,85,0,50,53,55.5
2025-7-22,MLALV.PA,65,0,100,NaN,NaN
2025-7-22,ALAMA.PA,100,50,25,28,55.75
2025-7-22,MLAAH.PA,0,0,75,51,31.5
2025-7-22,ALMIB.PA,75,50,50,44,57.25
2025-7-22,AMPLI.PA,85,0,50,46,53.75
2025-7-22,AMUN.PA,75,100,25,30,55
2025-7-22,ANTIN.PA,85,50,50,42,60.25
2025-7-22,MLASO.PA,0,0,0,NaN,NaN
2025-7-22,ALAQU.PA,85,75,50,39,63.25
2025-7-22,ARAMI.PA,15,0,75,84,45
2025-7-22,ALJXR.PA,100,0,75,50,66.25
2025-7-22,MLARD.PA,0,75,50,NaN,NaN
2025-7-22,ALCUR.PA,10,0,75,74,40.75
2025-7-22,MLARE.PA,0,0,0,NaN,NaN
2025-7-22,ARG.PA,65,50,25,63,52.25
2025-7-22,AKE.PA,0,50,50,49,32.25
2025-7-22,MLARI.PA,0,0,0,NaN,NaN
2025-7-22,ARTE.PA,100,25,50,44,62.25
2025-7-22,PRC.PA,85,25,50,47,57.75
2025-7-22,ARTO.PA,15,100,25,16,30.5
2025-7-22,ARVEN.PA,100,25,50,35,60
2025-7-22,MLAEM.PA,100,50,50,NaN,NaN
2025-7-22,ASY.PA,85,50,25,37,52.75
2025-7-22,MLAST.PA,0,0,0,NaN,NaN
2025-7-22,ALATA.PA,85,0,100,78,74.25
2025-7-22,ATEME.PA,65,50,50,34,51.25
2025-7-22,ATLD.PA,85,50,75,66,72.5
2025-7-22,ATO.PA,0,50,50,83,40.75
2025-7-22,AUB.PA,100,25,50,47,63
2025-7-22,ALAUD.PA,85,0,50,56,56.25
2025-7-22,AUGR.PA,90,0,50,100,69
2025-7-22,ALAMG.PA,0,0,0,NaN,NaN
2025-7-22,AURE.PA,65,50,50,42,53.25
2025-7-22,AVT.PA,0,0,0,42,10.5
2025-7-22,MLAAT.PA,0,0,25,NaN,NaN
2025-7-22,CS.PA,85,100,25,47,62.75
2025-7-22,ALBKK.PA,100,0,50,51,60.25
2025-7-22,BAIN.PA,35,100,25,35,42.25
2025-7-22,BALYO.PA,100,0,50,48,59.5
2025-7-22,BUI.PA,35,0,75,100,56
2025-7-22,MLBAR.PA,0,0,0,NaN,NaN
2025-7-22,BASS.PA,100,100,25,44,67.25
2025-7-22,BLC.PA,100,25,50,50,63.75
2025-7-22,ALBDM.PA,100,25,75,57,71.75
2025-7-22,MLBBO.PA,0,0,75,NaN,NaN
2025-7-22,BLV.PA,100,25,25,28,52
2025-7-22,BEN.PA,0,100,50,38,37
2025-7-22,ALDBL.PA,0,50,50,62,35.5
2025-7-22,BB.PA,0,75,50,43,34.5
2025-7-22,BIG.PA,65,50,50,32,50.75
2025-7-22,ALBLD.PA,100,25,50,41,61.5
2025-7-22,ALTUV.PA,40,50,50,34,42.5
2025-7-22,ALBPS.PA,0,0,25,9,8.5
2025-7-22,BIM.PA,85,0,50,44,53.25
2025-7-22,ALBIO.PA,0,0,50,37,21.75
2025-7-22,BLEE.PA,0,50,50,77,39.25
2025-7-22,MLBSP.PA,20,0,75,NaN,NaN
2025-7-22,ALBLU.PA,0,50,100,71,50.25
2025-7-22,ALBOA.PA,90,0,75,62,65.75
2025-7-22,BNP.PA,85,100,25,44,62
2025-7-22,MLONE.PA,0,0,75,NaN,NaN
2025-7-22,BOI.PA,0,50,75,55,40
2025-7-22,BOL.PA,0,75,25,49,29.75
2025-7-22,BON.PA,100,0,50,56,61.5
2025-7-22,MLBON.PA,0,50,50,100,45
2025-7-22,ALBOO.PA,0,0,0,50,12.5
2025-7-22,ALBOU.PA,75,0,50,59,53.5
2025-7-22,EN.PA,100,25,50,45,62.5
2025-7-22,BSD.PA,15,25,50,47,33.25
2025-7-22,ALBPK.PA,100,25,75,62,73
2025-7-22,BVI.PA,30,50,50,69,47.75
2025-7-22,BUR.PA,100,50,25,41,59
2025-7-22,CAT31.PA,100,100,25,16,60.25
